Component 1,CAS-RN 1,Component 2,CAS-RN 2,Liquid Fraction 1 (mol/mol),Temperature (Â°C),Liquid Fraction 2 (mol/mol),Pressure EXP (bar),SMILES 1,SMILES 2
co2,124-38-9,phenol,108-95-2,0.042300000000000004,55,0.9577,10.1,C(=O)=O,C1=CC=C(C=C1)O
co2,124-38-9,phenol,108-95-2,0.0797,55,0.9203,20.3,C(=O)=O,C1=CC=C(C=C1)O
co2,124-38-9,phenol,108-95-2,0.11960000000000001,55,0.8804,30.1,C(=O)=O,C1=CC=C(C=C1)O
co2,124-38-9,phenol,108-95-2,0.2025,55,0.7975,51.0,C(=O)=O,C1=CC=C(C=C1)O
co2,124-38-9,phenol,108-95-2,0.040999999999999995,65,0.959,10.1,C(=O)=O,C1=CC=C(C=C1)O
co2,124-38-9,phenol,108-95-2,0.07440000000000001,65,0.9256,20.6,C(=O)=O,C1=CC=C(C=C1)O
co2,124-38-9,phenol,108-95-2,0.11630000000000001,65,0.8836999999999999,30.3,C(=O)=O,C1=CC=C(C=C1)O
co2,124-38-9,phenol,108-95-2,0.1593,65,0.8407,40.7,C(=O)=O,C1=CC=C(C=C1)O
co2,124-38-9,phenol,108-95-2,0.19510000000000002,65,0.8049,50.3,C(=O)=O,C1=CC=C(C=C1)O
co2,124-38-9,phenol,108-95-2,0.0388,75,0.9612,10.6,C(=O)=O,C1=CC=C(C=C1)O
co2,124-38-9,phenol,108-95-2,0.0733,75,0.9267,20.8,C(=O)=O,C1=CC=C(C=C1)O
co2,124-38-9,phenol,108-95-2,0.1067,75,0.8933,30.9,C(=O)=O,C1=CC=C(C=C1)O
co2,124-38-9,phenol,108-95-2,0.1519,75,0.8481,40.4,C(=O)=O,C1=CC=C(C=C1)O
co2,124-38-9,phenol,108-95-2,0.16949999999999998,75,0.8305,50.1,C(=O)=O,C1=CC=C(C=C1)O
co2,124-38-9,cyclohexane,110-82-7,0.451,20,0.5489999999999999,39.0,C(=O)=O,C1CCCCC1
co2,124-38-9,cyclohexane,110-82-7,0.561,20,0.43899999999999995,45.1,C(=O)=O,C1CCCCC1
co2,124-38-9,cyclohexane,110-82-7,0.657,20,0.34299999999999997,45.6,C(=O)=O,C1CCCCC1
co2,124-38-9,cyclohexane,110-82-7,0.78,20,0.21999999999999997,48.9,C(=O)=O,C1CCCCC1
co2,124-38-9,cyclohexane,110-82-7,0.855,20,0.14500000000000002,49.3,C(=O)=O,C1CCCCC1
co2,124-38-9,cyclohexane,110-82-7,0.9159999999999999,20,0.08400000000000007,51.3,C(=O)=O,C1CCCCC1
co2,124-38-9,cyclohexane,110-82-7,0.945,20,0.05500000000000005,52.4,C(=O)=O,C1CCCCC1
co2,124-38-9,cyclohexane,110-82-7,0.973,20,0.027000000000000024,54.5,C(=O)=O,C1CCCCC1
co2,124-38-9,cyclohexane,110-82-7,0.981,20,0.019000000000000017,53.3,C(=O)=O,C1CCCCC1
co2,124-38-9,cyclohexane,110-82-7,0.451,30,0.5489999999999999,45.9,C(=O)=O,C1CCCCC1
co2,124-38-9,cyclohexane,110-82-7,0.561,30,0.43899999999999995,52.8,C(=O)=O,C1CCCCC1
co2,124-38-9,cyclohexane,110-82-7,0.657,30,0.34299999999999997,54.5,C(=O)=O,C1CCCCC1
co2,124-38-9,cyclohexane,110-82-7,0.78,30,0.21999999999999997,58.7,C(=O)=O,C1CCCCC1
co2,124-38-9,cyclohexane,110-82-7,0.855,30,0.14500000000000002,60.7,C(=O)=O,C1CCCCC1
co2,124-38-9,cyclohexane,110-82-7,0.884,30,0.11599999999999999,58.6,C(=O)=O,C1CCCCC1
co2,124-38-9,cyclohexane,110-82-7,0.9159999999999999,30,0.08400000000000007,63.0,C(=O)=O,C1CCCCC1
co2,124-38-9,cyclohexane,110-82-7,0.945,30,0.05500000000000005,63.6,C(=O)=O,C1CCCCC1
co2,124-38-9,cyclohexane,110-82-7,0.973,30,0.027000000000000024,64.4,C(=O)=O,C1CCCCC1
co2,124-38-9,cyclohexane,110-82-7,0.981,30,0.019000000000000017,64.1,C(=O)=O,C1CCCCC1
co2,124-38-9,cyclohexane,110-82-7,0.451,40,0.5489999999999999,52.1,C(=O)=O,C1CCCCC1
co2,124-38-9,cyclohexane,110-82-7,0.561,40,0.43899999999999995,60.7,C(=O)=O,C1CCCCC1
co2,124-38-9,cyclohexane,110-82-7,0.657,40,0.34299999999999997,64.2,C(=O)=O,C1CCCCC1
co2,124-38-9,cyclohexane,110-82-7,0.78,40,0.21999999999999997,69.5,C(=O)=O,C1CCCCC1
co2,124-38-9,cyclohexane,110-82-7,0.855,40,0.14500000000000002,73.1,C(=O)=O,C1CCCCC1
co2,124-38-9,cyclohexane,110-82-7,0.884,40,0.11599999999999999,70.8,C(=O)=O,C1CCCCC1
co2,124-38-9,cyclohexane,110-82-7,0.9159999999999999,40,0.08400000000000007,74.9,C(=O)=O,C1CCCCC1
co2,124-38-9,cyclohexane,110-82-7,0.945,40,0.05500000000000005,76.4,C(=O)=O,C1CCCCC1
co2,124-38-9,acetone,67-64-1,0.151,25,0.849,8.1,C(=O)=O,CC(=O)C
co2,124-38-9,acetone,67-64-1,0.231,25,0.769,11.7,C(=O)=O,CC(=O)C
co2,124-38-9,acetone,67-64-1,0.275,25,0.725,15.2,C(=O)=O,CC(=O)C
co2,124-38-9,acetone,67-64-1,0.37799999999999995,25,0.6220000000000001,20.2,C(=O)=O,CC(=O)C
co2,124-38-9,acetone,67-64-1,0.456,25,0.544,24.9,C(=O)=O,CC(=O)C
co2,124-38-9,acetone,67-64-1,0.523,25,0.477,29.8,C(=O)=O,CC(=O)C
co2,124-38-9,acetone,67-64-1,0.604,25,0.396,35.0,C(=O)=O,CC(=O)C
co2,124-38-9,acetone,67-64-1,0.682,25,0.31799999999999995,39.6,C(=O)=O,CC(=O)C
co2,124-38-9,acetone,67-64-1,0.765,25,0.235,44.6,C(=O)=O,CC(=O)C
co2,124-38-9,acetone,67-64-1,0.856,25,0.14400000000000002,50.2,C(=O)=O,CC(=O)C
co2,124-38-9,acetone,67-64-1,0.8959999999999999,25,0.10400000000000009,54.7,C(=O)=O,CC(=O)C
co2,124-38-9,acetone,67-64-1,0.41,30,0.5900000000000001,23.2,C(=O)=O,CC(=O)C
co2,124-38-9,acetone,67-64-1,0.5,30,0.5,29.3,C(=O)=O,CC(=O)C
co2,124-38-9,acetone,67-64-1,0.6,30,0.4,35.2,C(=O)=O,CC(=O)C
co2,124-38-9,acetone,67-64-1,0.7,30,0.30000000000000004,40.9,C(=O)=O,CC(=O)C
co2,124-38-9,acetone,67-64-1,0.8,30,0.19999999999999996,48.4,C(=O)=O,CC(=O)C
co2,124-38-9,acetone,67-64-1,0.9,30,0.09999999999999998,57.5,C(=O)=O,CC(=O)C
co2,124-38-9,acetone,67-64-1,0.41,40,0.5900000000000001,27.0,C(=O)=O,CC(=O)C
co2,124-38-9,acetone,67-64-1,0.5,40,0.5,35.2,C(=O)=O,CC(=O)C
co2,124-38-9,acetone,67-64-1,0.6,40,0.4,43.7,C(=O)=O,CC(=O)C
co2,124-38-9,acetone,67-64-1,0.7,40,0.30000000000000004,52.0,C(=O)=O,CC(=O)C
co2,124-38-9,acetone,67-64-1,0.8,40,0.19999999999999996,58.5,C(=O)=O,CC(=O)C
co2,124-38-9,acetone,67-64-1,0.9,40,0.09999999999999998,68.6,C(=O)=O,CC(=O)C
co2,124-38-9,2-butanone,78-93-3,0.094,25,0.906,4.8,C(=O)=O,CCC(=O)C
co2,124-38-9,2-butanone,78-93-3,0.124,25,0.876,6.37,C(=O)=O,CCC(=O)C
co2,124-38-9,2-butanone,78-93-3,0.192,25,0.808,10.37,C(=O)=O,CCC(=O)C
co2,124-38-9,2-butanone,78-93-3,0.231,25,0.769,12.76,C(=O)=O,CCC(=O)C
co2,124-38-9,2-butanone,78-93-3,0.313,25,0.687,17.99,C(=O)=O,CCC(=O)C
co2,124-38-9,2-butanone,78-93-3,0.375,25,0.625,22.37,C(=O)=O,CCC(=O)C
co2,124-38-9,2-butanone,78-93-3,0.414,25,0.5860000000000001,25.59,C(=O)=O,CCC(=O)C
co2,124-38-9,2-butanone,78-93-3,0.442,25,0.558,27.97,C(=O)=O,CCC(=O)C
co2,124-38-9,2-butanone,78-93-3,0.511,25,0.489,33.19,C(=O)=O,CCC(=O)C
co2,124-38-9,2-butanone,78-93-3,0.606,25,0.394,39.45,C(=O)=O,CCC(=O)C
co2,124-38-9,2-butanone,78-93-3,0.43761705999999995,40,0.56238294,23.5,C(=O)=O,CCC(=O)C
co2,124-38-9,2-butanone,78-93-3,0.57077214,40,0.42922786,33.9,C(=O)=O,CCC(=O)C
co2,124-38-9,2-butanone,78-93-3,0.6029376200000001,40,0.39706237999999994,36.3,C(=O)=O,CCC(=O)C
co2,124-38-9,2-butanone,78-93-3,0.6678482200000001,40,0.3321517799999999,43.2,C(=O)=O,CCC(=O)C
co2,124-38-9,2-butanone,78-93-3,0.7386310500000001,40,0.26136894999999993,49.0,C(=O)=O,CCC(=O)C
co2,124-38-9,2-butanone,78-93-3,0.81354505,40,0.18645495,58.1,C(=O)=O,CCC(=O)C
co2,124-38-9,2-butanone,78-93-3,0.43761705999999995,60,0.56238294,31.4,C(=O)=O,CCC(=O)C
co2,124-38-9,2-butanone,78-93-3,0.57077214,60,0.42922786,43.2,C(=O)=O,CCC(=O)C
co2,124-38-9,2-butanone,78-93-3,0.6678482200000001,60,0.3321517799999999,57.6,C(=O)=O,CCC(=O)C
co2,124-38-9,2-butanone,78-93-3,0.7386310500000001,60,0.26136894999999993,66.2,C(=O)=O,CCC(=O)C
co2,124-38-9,2-butanone,78-93-3,0.81354505,60,0.18645495,79.3,C(=O)=O,CCC(=O)C
co2,124-38-9,acetonitrile,75-05-8,0.098,35,0.902,11.0,C(=O)=O,CC#N
co2,124-38-9,acetonitrile,75-05-8,0.184,35,0.8160000000000001,17.4,C(=O)=O,CC#N
co2,124-38-9,acetonitrile,75-05-8,0.308,35,0.692,28.5,C(=O)=O,CC#N
co2,124-38-9,acetonitrile,75-05-8,0.396,35,0.604,35.9,C(=O)=O,CC#N
co2,124-38-9,acetonitrile,75-05-8,0.52,35,0.48,45.6,C(=O)=O,CC#N
co2,124-38-9,acetonitrile,75-05-8,0.725,35,0.275,59.3,C(=O)=O,CC#N
co2,124-38-9,acetonitrile,75-05-8,0.7859999999999999,35,0.21400000000000008,63.4,C(=O)=O,CC#N
co2,124-38-9,acetonitrile,75-05-8,0.852,35,0.14800000000000002,67.7,C(=O)=O,CC#N
co2,124-38-9,acetonitrile,75-05-8,0.895,35,0.10499999999999998,69.8,C(=O)=O,CC#N
co2,124-38-9,acetonitrile,75-05-8,0.9470000000000001,35,0.052999999999999936,70.5,C(=O)=O,CC#N
co2,124-38-9,acetonitrile,75-05-8,0.975,35,0.025000000000000022,72.0,C(=O)=O,CC#N
co2,124-38-9,acetonitrile,75-05-8,0.114,55,0.886,17.7,C(=O)=O,CC#N
co2,124-38-9,acetonitrile,75-05-8,0.184,55,0.8160000000000001,23.9,C(=O)=O,CC#N
co2,124-38-9,acetonitrile,75-05-8,0.23399999999999999,55,0.766,30.8,C(=O)=O,CC#N
co2,124-38-9,acetonitrile,75-05-8,0.395,55,0.605,52.3,C(=O)=O,CC#N
co2,124-38-9,acetonitrile,75-05-8,0.47,55,0.53,62.9,C(=O)=O,CC#N
co2,124-38-9,acetonitrile,75-05-8,0.526,55,0.474,69.9,C(=O)=O,CC#N
co2,124-38-9,acetonitrile,75-05-8,0.58,55,0.42000000000000004,75.6,C(=O)=O,CC#N
co2,124-38-9,acetonitrile,75-05-8,0.649,55,0.351,79.6,C(=O)=O,CC#N
co2,124-38-9,acetonitrile,75-05-8,0.718,55,0.28200000000000003,87.1,C(=O)=O,CC#N
co2,124-38-9,acetonitrile,75-05-8,0.784,55,0.21599999999999997,86.0,C(=O)=O,CC#N
co2,124-38-9,acetonitrile,75-05-8,0.838,55,0.16200000000000003,89.9,C(=O)=O,CC#N
co2,124-38-9,acetonitrile,75-05-8,0.888,55,0.11199999999999999,92.9,C(=O)=O,CC#N
co2,124-38-9,acetonitrile,75-05-8,0.91,55,0.08999999999999997,95.1,C(=O)=O,CC#N
co2,124-38-9,acetonitrile,75-05-8,0.114,75,0.886,22.0,C(=O)=O,CC#N
co2,124-38-9,acetonitrile,75-05-8,0.184,75,0.8160000000000001,31.2,C(=O)=O,CC#N
co2,124-38-9,acetonitrile,75-05-8,0.23399999999999999,75,0.766,38.7,C(=O)=O,CC#N
co2,124-38-9,acetonitrile,75-05-8,0.304,75,0.696,48.4,C(=O)=O,CC#N
co2,124-38-9,acetonitrile,75-05-8,0.395,75,0.605,60.7,C(=O)=O,CC#N
co2,124-38-9,acetonitrile,75-05-8,0.47,75,0.53,74.1,C(=O)=O,CC#N
co2,124-38-9,acetonitrile,75-05-8,0.526,75,0.474,86.0,C(=O)=O,CC#N
co2,124-38-9,acetonitrile,75-05-8,0.58,75,0.42000000000000004,93.2,C(=O)=O,CC#N
co2,124-38-9,acetonitrile,75-05-8,0.649,75,0.351,102.2,C(=O)=O,CC#N
co2,124-38-9,acetonitrile,75-05-8,0.718,75,0.28200000000000003,111.2,C(=O)=O,CC#N
co2,124-38-9,acetonitrile,75-05-8,0.784,75,0.21599999999999997,112.0,C(=O)=O,CC#N
co2,124-38-9,acetonitrile,75-05-8,0.838,75,0.16200000000000003,116.0,C(=O)=O,CC#N
co2,124-38-9,DMSO,67-68-5,0.0666,25,0.9334,10.3,C(=O)=O,CS(=O)C
co2,124-38-9,DMSO,67-68-5,0.1358,25,0.8642,20.0,C(=O)=O,CS(=O)C
co2,124-38-9,DMSO,67-68-5,0.2311,25,0.7689,30.1,C(=O)=O,CS(=O)C
co2,124-38-9,DMSO,67-68-5,0.3282,25,0.6718,40.2,C(=O)=O,CS(=O)C
co2,124-38-9,DMSO,67-68-5,0.4775,25,0.5225,50.1,C(=O)=O,CS(=O)C
co2,124-38-9,DMSO,67-68-5,0.5906,25,0.4094,55.1,C(=O)=O,CS(=O)C
co2,124-38-9,DMSO,67-68-5,0.0524,35,0.9476,10.4,C(=O)=O,CS(=O)C
co2,124-38-9,DMSO,67-68-5,0.16329999999999997,35,0.8367,30.0,C(=O)=O,CS(=O)C
co2,124-38-9,DMSO,67-68-5,0.3128,35,0.6872,50.1,C(=O)=O,CS(=O)C
co2,124-38-9,DMSO,67-68-5,0.41340000000000005,35,0.5866,60.1,C(=O)=O,CS(=O)C
co2,124-38-9,DMSO,67-68-5,0.4919,35,0.5081,65.1,C(=O)=O,CS(=O)C
co2,124-38-9,DMSO,67-68-5,0.5571,35,0.44289999999999996,70.4,C(=O)=O,CS(=O)C
co2,124-38-9,DMSO,67-68-5,0.043899999999999995,45,0.9561,10.1,C(=O)=O,CS(=O)C
co2,124-38-9,DMSO,67-68-5,0.2507,45,0.7493000000000001,50.0,C(=O)=O,CS(=O)C
co2,124-38-9,DMSO,67-68-5,0.3196,45,0.6804,60.1,C(=O)=O,CS(=O)C
co2,124-38-9,DMSO,67-68-5,0.3937,45,0.6063000000000001,70.4,C(=O)=O,CS(=O)C
co2,124-38-9,DMSO,67-68-5,0.5411,45,0.4589,85.2,C(=O)=O,CS(=O)C
co2,124-38-9,DMSO,67-68-5,0.6004,45,0.39959999999999996,90.4,C(=O)=O,CS(=O)C
co2,124-38-9,DMF,68-12-2,0.0962,21,0.9038,5.6,C(=O)=O,CN(C)C=O
co2,124-38-9,DMF,68-12-2,0.1691,21,0.8309,10.3,C(=O)=O,CN(C)C=O
co2,124-38-9,DMF,68-12-2,0.2402,21,0.7598,15.1,C(=O)=O,CN(C)C=O
co2,124-38-9,DMF,68-12-2,0.30879999999999996,21,0.6912,19.9,C(=O)=O,CN(C)C=O
co2,124-38-9,DMF,68-12-2,0.36939999999999995,21,0.6306,24.5,C(=O)=O,CN(C)C=O
co2,124-38-9,DMF,68-12-2,0.461,21,0.5389999999999999,31.2,C(=O)=O,CN(C)C=O
co2,124-38-9,DMF,68-12-2,0.5256000000000001,21,0.47439999999999993,35.7,C(=O)=O,CN(C)C=O
co2,124-38-9,DMF,68-12-2,0.6031,21,0.39690000000000003,40.2,C(=O)=O,CN(C)C=O
co2,124-38-9,DMF,68-12-2,0.6831999999999999,21,0.3168000000000001,45.1,C(=O)=O,CN(C)C=O
co2,124-38-9,DMF,68-12-2,0.7723,21,0.2277,48.5,C(=O)=O,CN(C)C=O
co2,124-38-9,DMF,68-12-2,0.8626999999999999,21,0.1373000000000001,50.4,C(=O)=O,CN(C)C=O
co2,124-38-9,DMF,68-12-2,0.8823000000000001,21,0.11769999999999992,51.3,C(=O)=O,CN(C)C=O
co2,124-38-9,DMF,68-12-2,0.4,40,0.6,40.1,C(=O)=O,CN(C)C=O
co2,124-38-9,DMF,68-12-2,0.599,40,0.401,57.8,C(=O)=O,CN(C)C=O
co2,124-38-9,DMF,68-12-2,0.711,40,0.28900000000000003,70.6,C(=O)=O,CN(C)C=O
co2,124-38-9,DMF,68-12-2,0.821,40,0.17900000000000005,77.6,C(=O)=O,CN(C)C=O
co2,124-38-9,DMF,68-12-2,0.892,40,0.10799999999999998,80.6,C(=O)=O,CN(C)C=O
co2,124-38-9,DMF,68-12-2,0.96,40,0.040000000000000036,82.8,C(=O)=O,CN(C)C=O
co2,124-38-9,DMF,68-12-2,0.98,40,0.020000000000000018,85.5,C(=O)=O,CN(C)C=O
co2,124-38-9,DMF,68-12-2,0.4,50,0.6,48.8,C(=O)=O,CN(C)C=O
co2,124-38-9,DMF,68-12-2,0.599,50,0.401,71.1,C(=O)=O,CN(C)C=O
co2,124-38-9,DMF,68-12-2,0.711,50,0.28900000000000003,87.1,C(=O)=O,CN(C)C=O
co2,124-38-9,DMF,68-12-2,0.821,50,0.17900000000000005,99.8,C(=O)=O,CN(C)C=O
co2,124-38-9,DMF,68-12-2,0.892,50,0.10799999999999998,103.6,C(=O)=O,CN(C)C=O
co2,124-38-9,DMF,68-12-2,0.96,50,0.040000000000000036,104.2,C(=O)=O,CN(C)C=O
co2,124-38-9,DMF,68-12-2,0.98,50,0.020000000000000018,108.2,C(=O)=O,CN(C)C=O
co2,124-38-9,chloroform,67-66-3,0.4673,30,0.5327,34.77,C(=O)=O,C(Cl)(Cl)Cl
co2,124-38-9,chloroform,67-66-3,0.6614,30,0.3386,46.29,C(=O)=O,C(Cl)(Cl)Cl
co2,124-38-9,chloroform,67-66-3,0.8354,30,0.16459999999999997,56.63,C(=O)=O,C(Cl)(Cl)Cl
co2,124-38-9,chloroform,67-66-3,0.9362999999999999,30,0.06370000000000009,65.25,C(=O)=O,C(Cl)(Cl)Cl
co2,124-38-9,chloroform,67-66-3,0.9508,30,0.04920000000000002,66.7,C(=O)=O,C(Cl)(Cl)Cl
co2,124-38-9,chloroform,67-66-3,0.23800000000000002,40,0.762,22.71,C(=O)=O,C(Cl)(Cl)Cl
co2,124-38-9,chloroform,67-66-3,0.33590000000000003,40,0.6640999999999999,30.91,C(=O)=O,C(Cl)(Cl)Cl
co2,124-38-9,chloroform,67-66-3,0.46299999999999997,40,0.537,40.91,C(=O)=O,C(Cl)(Cl)Cl
co2,124-38-9,chloroform,67-66-3,0.5684,40,0.4316,48.63,C(=O)=O,C(Cl)(Cl)Cl
co2,124-38-9,chloroform,67-66-3,0.6713,40,0.3287,55.94,C(=O)=O,C(Cl)(Cl)Cl
co2,124-38-9,chloroform,67-66-3,0.7526,40,0.24739999999999995,61.73,C(=O)=O,C(Cl)(Cl)Cl
co2,124-38-9,chloroform,67-66-3,0.8373,40,0.16269999999999996,70.29,C(=O)=O,C(Cl)(Cl)Cl
co2,124-38-9,chloroform,67-66-3,0.8906999999999999,40,0.10930000000000006,75.25,C(=O)=O,C(Cl)(Cl)Cl
co2,124-38-9,chloroform,67-66-3,0.9442,40,0.05579999999999996,78.55,C(=O)=O,C(Cl)(Cl)Cl
co2,124-38-9,chloroform,67-66-3,0.1001,50,0.8999,11.81,C(=O)=O,C(Cl)(Cl)Cl
co2,124-38-9,chloroform,67-66-3,0.1636,50,0.8364,17.61,C(=O)=O,C(Cl)(Cl)Cl
co2,124-38-9,chloroform,67-66-3,0.2391,50,0.7609,26.16,C(=O)=O,C(Cl)(Cl)Cl
co2,124-38-9,chloroform,67-66-3,0.5540999999999999,50,0.4459000000000001,55.25,C(=O)=O,C(Cl)(Cl)Cl
co2,124-38-9,chloroform,67-66-3,0.9323,50,0.06769999999999998,89.24,C(=O)=O,C(Cl)(Cl)Cl
co2,124-38-9,chloroform,67-66-3,0.9403,50,0.059699999999999975,89.79,C(=O)=O,C(Cl)(Cl)Cl
co2,124-38-9,m-xylene,108-38-3,0.044199999999999996,40,0.9558,7.0,C(=O)=O,CC1=CC(=CC=C1)C
co2,124-38-9,m-xylene,108-38-3,0.11109999999999999,40,0.8889,14.6,C(=O)=O,CC1=CC(=CC=C1)C
co2,124-38-9,m-xylene,108-38-3,0.2139,40,0.7861,26.8,C(=O)=O,CC1=CC(=CC=C1)C
co2,124-38-9,m-xylene,108-38-3,0.2925,40,0.7075,36.5,C(=O)=O,CC1=CC(=CC=C1)C
co2,124-38-9,m-xylene,108-38-3,0.3122,40,0.6878,39.0,C(=O)=O,CC1=CC(=CC=C1)C
co2,124-38-9,m-xylene,108-38-3,0.36450000000000005,40,0.6355,46.3,C(=O)=O,CC1=CC(=CC=C1)C
co2,124-38-9,m-xylene,108-38-3,0.5124,40,0.48760000000000003,59.6,C(=O)=O,CC1=CC(=CC=C1)C
co2,124-38-9,m-xylene,108-38-3,0.6015,40,0.39849999999999997,70.1,C(=O)=O,CC1=CC(=CC=C1)C
co2,124-38-9,m-xylene,108-38-3,0.0693,60,0.9307,9.8,C(=O)=O,CC1=CC(=CC=C1)C
co2,124-38-9,m-xylene,108-38-3,0.0934,60,0.9066,12.0,C(=O)=O,CC1=CC(=CC=C1)C
co2,124-38-9,m-xylene,108-38-3,0.1048,60,0.8952,16.7,C(=O)=O,CC1=CC(=CC=C1)C
co2,124-38-9,m-xylene,108-38-3,0.1157,60,0.8843,19.6,C(=O)=O,CC1=CC(=CC=C1)C
co2,124-38-9,m-xylene,108-38-3,0.1728,60,0.8271999999999999,29.2,C(=O)=O,CC1=CC(=CC=C1)C
co2,124-38-9,m-xylene,108-38-3,0.2483,60,0.7517,38.4,C(=O)=O,CC1=CC(=CC=C1)C
co2,124-38-9,m-xylene,108-38-3,0.2849,60,0.7151000000000001,45.1,C(=O)=O,CC1=CC(=CC=C1)C
co2,124-38-9,m-xylene,108-38-3,0.3038,60,0.6961999999999999,49.1,C(=O)=O,CC1=CC(=CC=C1)C
co2,124-38-9,m-xylene,108-38-3,0.3139,60,0.6860999999999999,52.4,C(=O)=O,CC1=CC(=CC=C1)C
co2,124-38-9,m-xylene,108-38-3,0.38909999999999995,60,0.6109,68.0,C(=O)=O,CC1=CC(=CC=C1)C
co2,124-38-9,m-xylene,108-38-3,0.5061,60,0.4939,80.0,C(=O)=O,CC1=CC(=CC=C1)C
co2,124-38-9,m-xylene,108-38-3,0.6154999999999999,60,0.38450000000000006,91.8,C(=O)=O,CC1=CC(=CC=C1)C
co2,124-38-9,m-xylene,108-38-3,0.6624,60,0.3376,96.8,C(=O)=O,CC1=CC(=CC=C1)C
co2,124-38-9,o-xylene,95-47-6,0.0536,40,0.9464,7.9,C(=O)=O,CC1=CC=CC=C1C
co2,124-38-9,o-xylene,95-47-6,0.13019999999999998,40,0.8698,20.2,C(=O)=O,CC1=CC=CC=C1C
co2,124-38-9,o-xylene,95-47-6,0.2546,40,0.7454000000000001,28.3,C(=O)=O,CC1=CC=CC=C1C
co2,124-38-9,o-xylene,95-47-6,0.38780000000000003,40,0.6122,40.9,C(=O)=O,CC1=CC=CC=C1C
co2,124-38-9,o-xylene,95-47-6,0.48560000000000003,40,0.5144,49.3,C(=O)=O,CC1=CC=CC=C1C
co2,124-38-9,o-xylene,95-47-6,0.5429999999999999,40,0.4570000000000001,61.4,C(=O)=O,CC1=CC=CC=C1C
co2,124-38-9,o-xylene,95-47-6,0.6583,40,0.3417,67.1,C(=O)=O,CC1=CC=CC=C1C
co2,124-38-9,o-xylene,95-47-6,0.7631999999999999,40,0.23680000000000012,70.5,C(=O)=O,CC1=CC=CC=C1C
co2,124-38-9,o-xylene,95-47-6,0.823,40,0.17700000000000005,73.4,C(=O)=O,CC1=CC=CC=C1C
co2,124-38-9,o-xylene,95-47-6,0.1292,60,0.8708,19.4,C(=O)=O,CC1=CC=CC=C1C
co2,124-38-9,o-xylene,95-47-6,0.3085,60,0.6915,53.7,C(=O)=O,CC1=CC=CC=C1C
co2,124-38-9,o-xylene,95-47-6,0.48229999999999995,60,0.5177,78.0,C(=O)=O,CC1=CC=CC=C1C
co2,124-38-9,o-xylene,95-47-6,0.6403,60,0.3597,94.6,C(=O)=O,CC1=CC=CC=C1C
co2,124-38-9,o-xylene,95-47-6,0.7317,60,0.2683,100.5,C(=O)=O,CC1=CC=CC=C1C
co2,124-38-9,o-xylene,95-47-6,0.7888,60,0.21120000000000005,106.4,C(=O)=O,CC1=CC=CC=C1C
co2,124-38-9,o-xylene,95-47-6,0.8108,60,0.18920000000000003,107.8,C(=O)=O,CC1=CC=CC=C1C
co2,124-38-9,p-xylene,106-42-3,0.0703,40,0.9297,6.1,C(=O)=O,CC1=CC=C(C=C1)C
co2,124-38-9,p-xylene,106-42-3,0.1329,40,0.8671,15.0,C(=O)=O,CC1=CC=C(C=C1)C
co2,124-38-9,p-xylene,106-42-3,0.2414,40,0.7585999999999999,28.4,C(=O)=O,CC1=CC=C(C=C1)C
co2,124-38-9,p-xylene,106-42-3,0.4355,40,0.5645,43.8,C(=O)=O,CC1=CC=C(C=C1)C
co2,124-38-9,p-xylene,106-42-3,0.4483,40,0.5517000000000001,45.3,C(=O)=O,CC1=CC=C(C=C1)C
co2,124-38-9,p-xylene,106-42-3,0.6106,40,0.38939999999999997,63.7,C(=O)=O,CC1=CC=C(C=C1)C
co2,124-38-9,p-xylene,106-42-3,0.7939,40,0.20609999999999995,69.3,C(=O)=O,CC1=CC=C(C=C1)C
co2,124-38-9,p-xylene,106-42-3,0.1091,60,0.8909,14.9,C(=O)=O,CC1=CC=C(C=C1)C
co2,124-38-9,p-xylene,106-42-3,0.1893,60,0.8107,26.6,C(=O)=O,CC1=CC=C(C=C1)C
co2,124-38-9,p-xylene,106-42-3,0.275,60,0.725,37.4,C(=O)=O,CC1=CC=C(C=C1)C
co2,124-38-9,p-xylene,106-42-3,0.3287,60,0.6713,46.7,C(=O)=O,CC1=CC=C(C=C1)C
co2,124-38-9,p-xylene,106-42-3,0.413,60,0.587,59.8,C(=O)=O,CC1=CC=C(C=C1)C
co2,124-38-9,p-xylene,106-42-3,0.594,60,0.406,73.9,C(=O)=O,CC1=CC=C(C=C1)C
co2,124-38-9,p-xylene,106-42-3,0.6629999999999999,60,0.3370000000000001,82.5,C(=O)=O,CC1=CC=C(C=C1)C
co2,124-38-9,p-xylene,106-42-3,0.7707999999999999,60,0.22920000000000007,88.7,C(=O)=O,CC1=CC=C(C=C1)C
co2,124-38-9,p-xylene,106-42-3,0.8377,60,0.1623,94.7,C(=O)=O,CC1=CC=C(C=C1)C
co2,124-38-9,THF,109-99-9,0.38799999999999996,25,0.6120000000000001,21.37,C(=O)=O,C1CCOC1
co2,124-38-9,THF,109-99-9,0.47,25,0.53,26.42,C(=O)=O,C1CCOC1
co2,124-38-9,THF,109-99-9,0.588,25,0.41200000000000003,33.83,C(=O)=O,C1CCOC1
co2,124-38-9,THF,109-99-9,0.703,25,0.29700000000000004,40.75,C(=O)=O,C1CCOC1
co2,124-38-9,THF,109-99-9,0.828,25,0.17200000000000004,48.88,C(=O)=O,C1CCOC1
co2,124-38-9,THF,109-99-9,0.941,25,0.05900000000000005,57.25,C(=O)=O,C1CCOC1
co2,124-38-9,THF,109-99-9,0.983,25,0.017000000000000015,61.47,C(=O)=O,C1CCOC1
co2,124-38-9,THF,109-99-9,0.301,40,0.6990000000000001,20.6,C(=O)=O,C1CCOC1
co2,124-38-9,THF,109-99-9,0.428,40,0.5720000000000001,30.84,C(=O)=O,C1CCOC1
co2,124-38-9,THF,109-99-9,0.542,40,0.45799999999999996,40.13,C(=O)=O,C1CCOC1
co2,124-38-9,THF,109-99-9,0.665,40,0.33499999999999996,50.75,C(=O)=O,C1CCOC1
co2,124-38-9,THF,109-99-9,0.7879999999999999,40,0.21200000000000008,61.23,C(=O)=O,C1CCOC1
co2,124-38-9,THF,109-99-9,0.8809999999999999,40,0.1190000000000001,69.47,C(=O)=O,C1CCOC1
co2,124-38-9,THF,109-99-9,0.9209999999999999,40,0.07900000000000007,74.03,C(=O)=O,C1CCOC1
co2,124-38-9,THF,109-99-9,0.938,40,0.062000000000000055,76.29,C(=O)=O,C1CCOC1
co2,124-38-9,THF,109-99-9,0.0805,60,0.9195,6.9,C(=O)=O,C1CCOC1
co2,124-38-9,THF,109-99-9,0.15810000000000002,60,0.8419,16.0,C(=O)=O,C1CCOC1
co2,124-38-9,THF,109-99-9,0.2396,60,0.7604,24.0,C(=O)=O,C1CCOC1
co2,124-38-9,THF,109-99-9,0.2904,60,0.7096,27.0,C(=O)=O,C1CCOC1
co2,124-38-9,THF,109-99-9,0.36340000000000006,60,0.6365999999999999,33.8,C(=O)=O,C1CCOC1
co2,124-38-9,THF,109-99-9,0.4411,60,0.5589,44.1,C(=O)=O,C1CCOC1
co2,124-38-9,THF,109-99-9,0.46240000000000003,60,0.5376,45.9,C(=O)=O,C1CCOC1
co2,124-38-9,THF,109-99-9,0.5061,60,0.4939,56.0,C(=O)=O,C1CCOC1
co2,124-38-9,THF,109-99-9,0.5617,60,0.4383,65.0,C(=O)=O,C1CCOC1
co2,124-38-9,THF,109-99-9,0.5921,60,0.40790000000000004,68.5,C(=O)=O,C1CCOC1
co2,124-38-9,THF,109-99-9,0.6889,60,0.31110000000000004,71.9,C(=O)=O,C1CCOC1
co2,124-38-9,THF,109-99-9,0.7272,60,0.27280000000000004,73.8,C(=O)=O,C1CCOC1
co2,124-38-9,THF,109-99-9,0.8111,60,0.18889999999999996,78.5,C(=O)=O,C1CCOC1
co2,124-38-9,THF,109-99-9,0.8181,60,0.18189999999999995,81.0,C(=O)=O,C1CCOC1
co2,124-38-9,THF,109-99-9,0.8452,60,0.15480000000000005,81.7,C(=O)=O,C1CCOC1
co2,124-38-9,THF,109-99-9,0.8576999999999999,60,0.1423000000000001,83.3,C(=O)=O,C1CCOC1
co2,124-38-9,THF,109-99-9,0.8743000000000001,60,0.12569999999999992,85.5,C(=O)=O,C1CCOC1
co2,124-38-9,THF,109-99-9,0.8893000000000001,60,0.11069999999999991,89.3,C(=O)=O,C1CCOC1
co2,124-38-9,ethanol,64-17-5,0.049699999999999994,20,0.9503,6.8,C(=O)=O,CCO
co2,124-38-9,ethanol,64-17-5,0.1315,20,0.8685,16.7,C(=O)=O,CCO
co2,124-38-9,ethanol,64-17-5,0.16920000000000002,20,0.8308,21.4,C(=O)=O,CCO
co2,124-38-9,ethanol,64-17-5,0.24170000000000003,20,0.7583,28.7,C(=O)=O,CCO
co2,124-38-9,ethanol,64-17-5,0.3062,20,0.6938,35.4,C(=O)=O,CCO
co2,124-38-9,ethanol,64-17-5,0.48700000000000004,20,0.5129999999999999,46.2,C(=O)=O,CCO
co2,124-38-9,ethanol,64-17-5,0.6977,20,0.3023,51.5,C(=O)=O,CCO
co2,124-38-9,ethanol,64-17-5,0.8070999999999999,20,0.19290000000000007,52.7,C(=O)=O,CCO
co2,124-38-9,ethanol,64-17-5,0.192,25,0.808,27.9,C(=O)=O,CCO
co2,124-38-9,ethanol,64-17-5,0.289,25,0.7110000000000001,38.2,C(=O)=O,CCO
co2,124-38-9,ethanol,64-17-5,0.364,25,0.636,43.7,C(=O)=O,CCO
co2,124-38-9,ethanol,64-17-5,0.488,25,0.512,50.5,C(=O)=O,CCO
co2,124-38-9,ethanol,64-17-5,0.5870000000000001,25,0.4129999999999999,54.9,C(=O)=O,CCO
co2,124-38-9,ethanol,64-17-5,0.706,25,0.29400000000000004,57.5,C(=O)=O,CCO
co2,124-38-9,ethanol,64-17-5,0.8,25,0.19999999999999996,59.0,C(=O)=O,CCO
co2,124-38-9,ethanol,64-17-5,0.8340000000000001,25,0.16599999999999993,59.5,C(=O)=O,CCO
co2,124-38-9,ethanol,64-17-5,0.86,25,0.14,59.7,C(=O)=O,CCO
co2,124-38-9,ethanol,64-17-5,0.893,25,0.10699999999999998,59.8,C(=O)=O,CCO
co2,124-38-9,ethanol,64-17-5,0.924,25,0.07599999999999996,60.8,C(=O)=O,CCO
co2,124-38-9,ethanol,64-17-5,0.9540000000000001,25,0.04599999999999993,62.2,C(=O)=O,CCO
co2,124-38-9,ethanol,64-17-5,0.985,25,0.015000000000000013,63.7,C(=O)=O,CCO
co2,124-38-9,ethanol,64-17-5,0.49229999999999996,30,0.5077,55.7,C(=O)=O,CCO
co2,124-38-9,ethanol,64-17-5,0.5987,30,0.4013,60.2,C(=O)=O,CCO
co2,124-38-9,ethanol,64-17-5,0.7069,30,0.2931,62.6,C(=O)=O,CCO
co2,124-38-9,ethanol,64-17-5,0.8198000000000001,30,0.18019999999999992,63.8,C(=O)=O,CCO
co2,124-38-9,ethanol,64-17-5,0.9120999999999999,30,0.08790000000000009,65.8,C(=O)=O,CCO
co2,124-38-9,ethanol,64-17-5,0.49229999999999996,40,0.5077,65.3,C(=O)=O,CCO
co2,124-38-9,ethanol,64-17-5,0.5987,40,0.4013,73.4,C(=O)=O,CCO
co2,124-38-9,ethanol,64-17-5,0.7069,40,0.2931,75.6,C(=O)=O,CCO
co2,124-38-9,ethanol,64-17-5,0.8198000000000001,40,0.18019999999999992,76.7,C(=O)=O,CCO
co2,124-38-9,ethanol,64-17-5,0.9120999999999999,40,0.08790000000000009,79.2,C(=O)=O,CCO
co2,124-38-9,ethanol,64-17-5,0.49229999999999996,50,0.5077,77.2,C(=O)=O,CCO
co2,124-38-9,ethanol,64-17-5,0.5987,50,0.4013,85.8,C(=O)=O,CCO
co2,124-38-9,ethanol,64-17-5,0.7069,50,0.2931,89.5,C(=O)=O,CCO
co2,124-38-9,ethanol,64-17-5,0.8198000000000001,50,0.18019999999999992,91.2,C(=O)=O,CCO
co2,124-38-9,ethanol,64-17-5,0.9120999999999999,50,0.08790000000000009,92.0,C(=O)=O,CCO
co2,124-38-9,dimethyl-carbonate,616-38-6,0.013999999999999999,25,0.986,0.736,C(=O)=O,COC(=O)OC
co2,124-38-9,dimethyl-carbonate,616-38-6,0.0519,25,0.9480999999999999,2.799,C(=O)=O,COC(=O)OC
co2,124-38-9,dimethyl-carbonate,616-38-6,0.1094,25,0.8906000000000001,6.015,C(=O)=O,COC(=O)OC
co2,124-38-9,dimethyl-carbonate,616-38-6,0.1573,25,0.8427,8.768,C(=O)=O,COC(=O)OC
co2,124-38-9,dimethyl-carbonate,616-38-6,0.225,25,0.775,12.793,C(=O)=O,COC(=O)OC
co2,124-38-9,dimethyl-carbonate,616-38-6,0.2877,25,0.7122999999999999,16.698,C(=O)=O,COC(=O)OC
co2,124-38-9,dimethyl-carbonate,616-38-6,0.3615,25,0.6385000000000001,21.464,C(=O)=O,COC(=O)OC
co2,124-38-9,dimethyl-carbonate,616-38-6,0.40909999999999996,25,0.5909,24.596,C(=O)=O,COC(=O)OC
co2,124-38-9,dimethyl-carbonate,616-38-6,0.49420000000000003,25,0.5058,30.753,C(=O)=O,COC(=O)OC
co2,124-38-9,dimethyl-carbonate,616-38-6,0.5688,25,0.4312,36.219,C(=O)=O,COC(=O)OC
co2,124-38-9,dimethyl-carbonate,616-38-6,0.6701,25,0.32989999999999997,44.587,C(=O)=O,COC(=O)OC
co2,124-38-9,dimethyl-carbonate,616-38-6,0.8515999999999999,35,0.1484000000000001,61.6,C(=O)=O,COC(=O)OC
co2,124-38-9,dimethyl-carbonate,616-38-6,0.882,35,0.118,64.2,C(=O)=O,COC(=O)OC
co2,124-38-9,dimethyl-carbonate,616-38-6,0.914,35,0.08599999999999997,67.5,C(=O)=O,COC(=O)OC
co2,124-38-9,dimethyl-carbonate,616-38-6,0.9519,35,0.04810000000000003,71.6,C(=O)=O,COC(=O)OC
co2,124-38-9,dimethyl-carbonate,616-38-6,0.9758,35,0.0242,75.2,C(=O)=O,COC(=O)OC
co2,124-38-9,dimethyl-carbonate,616-38-6,0.0375,45,0.9625,2.77,C(=O)=O,COC(=O)OC
co2,124-38-9,dimethyl-carbonate,616-38-6,0.0911,45,0.9089,6.84,C(=O)=O,COC(=O)OC
co2,124-38-9,dimethyl-carbonate,616-38-6,0.1328,45,0.8672,10.298,C(=O)=O,COC(=O)OC
co2,124-38-9,dimethyl-carbonate,616-38-6,0.1696,45,0.8304,13.335,C(=O)=O,COC(=O)OC
co2,124-38-9,dimethyl-carbonate,616-38-6,0.2014,45,0.7986,16.121,C(=O)=O,COC(=O)OC
co2,124-38-9,dimethyl-carbonate,616-38-6,0.2349,45,0.7651,18.987,C(=O)=O,COC(=O)OC
co2,124-38-9,dimethyl-carbonate,616-38-6,0.2741,45,0.7259,22.465,C(=O)=O,COC(=O)OC
co2,124-38-9,dimethyl-carbonate,616-38-6,0.3155,45,0.6845,26.333,C(=O)=O,COC(=O)OC
co2,124-38-9,dimethyl-carbonate,616-38-6,0.3763,45,0.6236999999999999,32.084,C(=O)=O,COC(=O)OC
co2,124-38-9,dimethyl-carbonate,616-38-6,0.41700000000000004,45,0.583,35.851,C(=O)=O,COC(=O)OC
co2,124-38-9,dimethyl-carbonate,616-38-6,0.46259999999999996,45,0.5374000000000001,40.4,C(=O)=O,COC(=O)OC
co2,124-38-9,dimethyl-carbonate,616-38-6,0.5138,45,0.48619999999999997,45.459,C(=O)=O,COC(=O)OC
co2,124-38-9,dimethyl-carbonate,616-38-6,0.5698,45,0.4302,51.07,C(=O)=O,COC(=O)OC
co2,124-38-9,dimethyl-acetamide,127-19-5,0.158,40,0.842,18.6,C(=O)=O,CC(=O)N(C)C
co2,124-38-9,dimethyl-acetamide,127-19-5,0.225,40,0.775,25.7,C(=O)=O,CC(=O)N(C)C
co2,124-38-9,dimethyl-acetamide,127-19-5,0.391,40,0.609,34.8,C(=O)=O,CC(=O)N(C)C
co2,124-38-9,dimethyl-acetamide,127-19-5,0.48200000000000004,40,0.518,41.8,C(=O)=O,CC(=O)N(C)C
co2,124-38-9,dimethyl-acetamide,127-19-5,0.52,40,0.48,45.5,C(=O)=O,CC(=O)N(C)C
co2,124-38-9,dimethyl-acetamide,127-19-5,0.624,40,0.376,57.0,C(=O)=O,CC(=O)N(C)C
co2,124-38-9,dimethyl-acetamide,127-19-5,0.7090000000000001,40,0.2909999999999999,64.9,C(=O)=O,CC(=O)N(C)C
co2,124-38-9,dimethyl-acetamide,127-19-5,0.807,40,0.19299999999999995,70.8,C(=O)=O,CC(=O)N(C)C
co2,124-38-9,dimethyl-acetamide,127-19-5,0.873,40,0.127,73.2,C(=O)=O,CC(=O)N(C)C
co2,124-38-9,dimethyl-acetamide,127-19-5,0.9059999999999999,40,0.09400000000000008,75.6,C(=O)=O,CC(=O)N(C)C
co2,124-38-9,dimethyl-acetamide,127-19-5,0.9279999999999999,40,0.07200000000000006,77.9,C(=O)=O,CC(=O)N(C)C
co2,124-38-9,dimethyl-acetamide,127-19-5,0.9490000000000001,40,0.050999999999999934,80.3,C(=O)=O,CC(=O)N(C)C
co2,124-38-9,dimethyl-acetamide,127-19-5,0.9670000000000001,40,0.03299999999999992,82.2,C(=O)=O,CC(=O)N(C)C
co2,124-38-9,dimethyl-acetamide,127-19-5,0.158,60,0.842,21.7,C(=O)=O,CC(=O)N(C)C
co2,124-38-9,dimethyl-acetamide,127-19-5,0.225,60,0.775,30.5,C(=O)=O,CC(=O)N(C)C
co2,124-38-9,dimethyl-acetamide,127-19-5,0.391,60,0.609,45.1,C(=O)=O,CC(=O)N(C)C
co2,124-38-9,dimethyl-acetamide,127-19-5,0.48200000000000004,60,0.518,56.5,C(=O)=O,CC(=O)N(C)C
co2,124-38-9,dimethyl-acetamide,127-19-5,0.52,60,0.48,61.0,C(=O)=O,CC(=O)N(C)C
co2,124-38-9,dimethyl-acetamide,127-19-5,0.624,60,0.376,79.6,C(=O)=O,CC(=O)N(C)C
co2,124-38-9,dimethyl-acetamide,127-19-5,0.7090000000000001,60,0.2909999999999999,90.6,C(=O)=O,CC(=O)N(C)C
co2,124-38-9,dimethyl-acetamide,127-19-5,0.807,60,0.19299999999999995,99.7,C(=O)=O,CC(=O)N(C)C
co2,124-38-9,dimethyl-acetamide,127-19-5,0.873,60,0.127,106.5,C(=O)=O,CC(=O)N(C)C
co2,124-38-9,dimethyl-acetamide,127-19-5,0.9059999999999999,60,0.09400000000000008,109.1,C(=O)=O,CC(=O)N(C)C
co2,124-38-9,dimethyl-acetamide,127-19-5,0.9279999999999999,60,0.07200000000000006,110.1,C(=O)=O,CC(=O)N(C)C
co2,124-38-9,diethyl-acetamide,685-91-6,0.184,40,0.8160000000000001,15.8,C(=O)=O,CCN(CC)C(=O)C
co2,124-38-9,diethyl-acetamide,685-91-6,0.264,40,0.736,21.4,C(=O)=O,CCN(CC)C(=O)C
co2,124-38-9,diethyl-acetamide,685-91-6,0.365,40,0.635,31.6,C(=O)=O,CCN(CC)C(=O)C
co2,124-38-9,diethyl-acetamide,685-91-6,0.45799999999999996,40,0.542,41.0,C(=O)=O,CCN(CC)C(=O)C
co2,124-38-9,diethyl-acetamide,685-91-6,0.607,40,0.393,50.0,C(=O)=O,CCN(CC)C(=O)C
co2,124-38-9,diethyl-acetamide,685-91-6,0.742,40,0.258,62.6,C(=O)=O,CCN(CC)C(=O)C
co2,124-38-9,diethyl-acetamide,685-91-6,0.785,40,0.21499999999999997,66.3,C(=O)=O,CCN(CC)C(=O)C
co2,124-38-9,diethyl-acetamide,685-91-6,0.8640000000000001,40,0.1359999999999999,73.2,C(=O)=O,CCN(CC)C(=O)C
co2,124-38-9,diethyl-acetamide,685-91-6,0.904,40,0.09599999999999997,75.6,C(=O)=O,CCN(CC)C(=O)C
co2,124-38-9,diethyl-acetamide,685-91-6,0.9259999999999999,40,0.07400000000000007,75.8,C(=O)=O,CCN(CC)C(=O)C
co2,124-38-9,diethyl-acetamide,685-91-6,0.972,40,0.028000000000000025,81.7,C(=O)=O,CCN(CC)C(=O)C
co2,124-38-9,diethyl-acetamide,685-91-6,0.982,40,0.018000000000000016,82.0,C(=O)=O,CCN(CC)C(=O)C
co2,124-38-9,diethyl-acetamide,685-91-6,0.991,40,0.009000000000000008,82.2,C(=O)=O,CCN(CC)C(=O)C
co2,124-38-9,diethyl-acetamide,685-91-6,0.184,60,0.8160000000000001,19.4,C(=O)=O,CCN(CC)C(=O)C
co2,124-38-9,diethyl-acetamide,685-91-6,0.264,60,0.736,27.2,C(=O)=O,CCN(CC)C(=O)C
co2,124-38-9,diethyl-acetamide,685-91-6,0.365,60,0.635,40.5,C(=O)=O,CCN(CC)C(=O)C
co2,124-38-9,diethyl-acetamide,685-91-6,0.45799999999999996,60,0.542,52.5,C(=O)=O,CCN(CC)C(=O)C
co2,124-38-9,diethyl-acetamide,685-91-6,0.607,60,0.393,68.9,C(=O)=O,CCN(CC)C(=O)C
co2,124-38-9,diethyl-acetamide,685-91-6,0.742,60,0.258,87.5,C(=O)=O,CCN(CC)C(=O)C
co2,124-38-9,diethyl-acetamide,685-91-6,0.785,60,0.21499999999999997,93.6,C(=O)=O,CCN(CC)C(=O)C
co2,124-38-9,diethyl-acetamide,685-91-6,0.8640000000000001,60,0.1359999999999999,106.0,C(=O)=O,CCN(CC)C(=O)C
co2,124-38-9,diethyl-acetamide,685-91-6,0.904,60,0.09599999999999997,111.6,C(=O)=O,CCN(CC)C(=O)C
co2,124-38-9,diethyl-acetamide,685-91-6,0.9259999999999999,60,0.07400000000000007,113.7,C(=O)=O,CCN(CC)C(=O)C
co2,124-38-9,diethyl-acetamide,685-91-6,0.9490000000000001,60,0.050999999999999934,114.9,C(=O)=O,CCN(CC)C(=O)C
co2,124-38-9,ethyl-pyrrolidinone,2687-91-4,0.239,40,0.761,17.2,C(=O)=O,CCN1CCCC1=O
co2,124-38-9,ethyl-pyrrolidinone,2687-91-4,0.34600000000000003,40,0.6539999999999999,26.2,C(=O)=O,CCN1CCCC1=O
co2,124-38-9,ethyl-pyrrolidinone,2687-91-4,0.415,40,0.585,34.0,C(=O)=O,CCN1CCCC1=O
co2,124-38-9,ethyl-pyrrolidinone,2687-91-4,0.43200000000000005,40,0.568,36.9,C(=O)=O,CCN1CCCC1=O
co2,124-38-9,ethyl-pyrrolidinone,2687-91-4,0.5489999999999999,40,0.45100000000000007,51.8,C(=O)=O,CCN1CCCC1=O
co2,124-38-9,ethyl-pyrrolidinone,2687-91-4,0.643,40,0.357,59.8,C(=O)=O,CCN1CCCC1=O
co2,124-38-9,ethyl-pyrrolidinone,2687-91-4,0.755,40,0.245,72.4,C(=O)=O,CCN1CCCC1=O
co2,124-38-9,ethyl-pyrrolidinone,2687-91-4,0.8340000000000001,40,0.16599999999999993,79.6,C(=O)=O,CCN1CCCC1=O
co2,124-38-9,ethyl-pyrrolidinone,2687-91-4,0.897,40,0.10299999999999998,81.4,C(=O)=O,CCN1CCCC1=O
co2,124-38-9,ethyl-pyrrolidinone,2687-91-4,0.925,40,0.07499999999999996,83.5,C(=O)=O,CCN1CCCC1=O
co2,124-38-9,ethyl-pyrrolidinone,2687-91-4,0.96,40,0.040000000000000036,85.0,C(=O)=O,CCN1CCCC1=O
co2,124-38-9,ethyl-pyrrolidinone,2687-91-4,0.98,40,0.020000000000000018,83.7,C(=O)=O,CCN1CCCC1=O
co2,124-38-9,ethyl-pyrrolidinone,2687-91-4,0.239,60,0.761,22.4,C(=O)=O,CCN1CCCC1=O
co2,124-38-9,ethyl-pyrrolidinone,2687-91-4,0.34600000000000003,60,0.6539999999999999,35.5,C(=O)=O,CCN1CCCC1=O
co2,124-38-9,ethyl-pyrrolidinone,2687-91-4,0.415,60,0.585,44.8,C(=O)=O,CCN1CCCC1=O
co2,124-38-9,ethyl-pyrrolidinone,2687-91-4,0.43200000000000005,60,0.568,48.5,C(=O)=O,CCN1CCCC1=O
co2,124-38-9,ethyl-pyrrolidinone,2687-91-4,0.5489999999999999,60,0.45100000000000007,70.9,C(=O)=O,CCN1CCCC1=O
co2,124-38-9,ethyl-pyrrolidinone,2687-91-4,0.643,60,0.357,84.1,C(=O)=O,CCN1CCCC1=O
co2,124-38-9,ethyl-pyrrolidinone,2687-91-4,0.755,60,0.245,104.5,C(=O)=O,CCN1CCCC1=O
co2,124-38-9,ethyl-pyrrolidinone,2687-91-4,0.8340000000000001,60,0.16599999999999993,120.4,C(=O)=O,CCN1CCCC1=O
co2,124-38-9,ethyl-pyrrolidinone,2687-91-4,0.897,60,0.10299999999999998,125.7,C(=O)=O,CCN1CCCC1=O
co2,124-38-9,ethyl-acetate,141-78-6,0.1336,50,0.8664000000000001,8.5,C(=O)=O,CCOC(=O)C
co2,124-38-9,ethyl-acetate,141-78-6,0.4082,50,0.5918,27.2,C(=O)=O,CCOC(=O)C
co2,124-38-9,ethyl-acetate,141-78-6,0.5078,50,0.49219999999999997,36.7,C(=O)=O,CCOC(=O)C
co2,124-38-9,ethyl-acetate,141-78-6,0.5788,50,0.4212,44.5,C(=O)=O,CCOC(=O)C
co2,124-38-9,ethyl-acetate,141-78-6,0.6664,50,0.3336,53.6,C(=O)=O,CCOC(=O)C
co2,124-38-9,ethyl-acetate,141-78-6,0.7211,50,0.27890000000000004,59.6,C(=O)=O,CCOC(=O)C
co2,124-38-9,ethyl-acetate,141-78-6,0.7601,50,0.2399,64.8,C(=O)=O,CCOC(=O)C
co2,124-38-9,ethyl-acetate,141-78-6,0.1211,60,0.8789,9.3,C(=O)=O,CCOC(=O)C
co2,124-38-9,ethyl-acetate,141-78-6,0.3164,60,0.6836,23.6,C(=O)=O,CCOC(=O)C
co2,124-38-9,ethyl-acetate,141-78-6,0.375,60,0.625,29.3,C(=O)=O,CCOC(=O)C
co2,124-38-9,ethyl-acetate,141-78-6,0.4916,60,0.5084,40.5,C(=O)=O,CCOC(=O)C
co2,124-38-9,ethyl-acetate,141-78-6,0.6936,60,0.3064,64.7,C(=O)=O,CCOC(=O)C
co2,124-38-9,ethyl-acetate,141-78-6,0.7726000000000001,60,0.22739999999999994,76.0,C(=O)=O,CCOC(=O)C
co2,124-38-9,ethyl-acetate,141-78-6,0.8306999999999999,60,0.16930000000000012,84.7,C(=O)=O,CCOC(=O)C
co2,124-38-9,ethyl-acetate,141-78-6,0.8946999999999999,60,0.10530000000000006,94.4,C(=O)=O,CCOC(=O)C
co2,124-38-9,ethyl-acetate,141-78-6,0.9176000000000001,60,0.08239999999999992,97.3,C(=O)=O,CCOC(=O)C
co2,124-38-9,dimethyl-ether,115-10-6,0.067,20,0.933,7.24,C(=O)=O,COC
co2,124-38-9,dimethyl-ether,115-10-6,0.135,20,0.865,9.65,C(=O)=O,COC
co2,124-38-9,dimethyl-ether,115-10-6,0.301,20,0.6990000000000001,16.07,C(=O)=O,COC
co2,124-38-9,dimethyl-ether,115-10-6,0.48200000000000004,20,0.518,24.13,C(=O)=O,COC
co2,124-38-9,dimethyl-ether,115-10-6,0.588,20,0.41200000000000003,29.65,C(=O)=O,COC
co2,124-38-9,dimethyl-ether,115-10-6,0.748,20,0.252,39.3,C(=O)=O,COC
co2,124-38-9,dimethyl-ether,115-10-6,0.826,20,0.17400000000000004,44.82,C(=O)=O,COC
co2,124-38-9,dimethyl-ether,115-10-6,0.9390000000000001,20,0.06099999999999994,53.23,C(=O)=O,COC
co2,124-38-9,dimethyl-ether,115-10-6,0.04,30,0.96,8.27,C(=O)=O,COC
co2,124-38-9,dimethyl-ether,115-10-6,0.163,30,0.837,13.1,C(=O)=O,COC
co2,124-38-9,dimethyl-ether,115-10-6,0.33899999999999997,30,0.661,21.37,C(=O)=O,COC
co2,124-38-9,dimethyl-ether,115-10-6,0.516,30,0.484,31.03,C(=O)=O,COC
co2,124-38-9,dimethyl-ether,115-10-6,0.674,30,0.32599999999999996,42.06,C(=O)=O,COC
co2,124-38-9,dimethyl-ether,115-10-6,0.805,30,0.19499999999999995,52.75,C(=O)=O,COC
co2,124-38-9,dimethyl-ether,115-10-6,0.8859999999999999,30,0.1140000000000001,59.98,C(=O)=O,COC
co2,124-38-9,dimethyl-ether,115-10-6,0.075,40,0.925,12.41,C(=O)=O,COC
co2,124-38-9,dimethyl-ether,115-10-6,0.191,40,0.8089999999999999,18.34,C(=O)=O,COC
co2,124-38-9,dimethyl-ether,115-10-6,0.353,40,0.647,27.58,C(=O)=O,COC
co2,124-38-9,dimethyl-ether,115-10-6,0.49200000000000005,40,0.508,37.23,C(=O)=O,COC
co2,124-38-9,dimethyl-ether,115-10-6,0.624,40,0.376,46.3,C(=O)=O,COC
co2,124-38-9,dimethyl-ether,115-10-6,0.769,40,0.23099999999999998,58.36,C(=O)=O,COC
co2,124-38-9,dimethyl-ether,115-10-6,0.8109999999999999,40,0.18900000000000006,63.53,C(=O)=O,COC
co2,124-38-9,benzene,71-43-2,0.51,20,0.49,34.3,C(=O)=O,C1=CC=CC=C1
co2,124-38-9,benzene,71-43-2,0.602,20,0.398,38.9,C(=O)=O,C1=CC=CC=C1
co2,124-38-9,benzene,71-43-2,0.71,20,0.29000000000000004,43.1,C(=O)=O,C1=CC=CC=C1
co2,124-38-9,benzene,71-43-2,0.8029999999999999,20,0.19700000000000006,46.1,C(=O)=O,C1=CC=CC=C1
co2,124-38-9,benzene,71-43-2,0.9079999999999999,20,0.09200000000000008,49.8,C(=O)=O,C1=CC=CC=C1
co2,124-38-9,benzene,71-43-2,0.51,25,0.49,38.3,C(=O)=O,C1=CC=CC=C1
co2,124-38-9,benzene,71-43-2,0.602,25,0.398,42.9,C(=O)=O,C1=CC=CC=C1
co2,124-38-9,benzene,71-43-2,0.71,25,0.29000000000000004,48.4,C(=O)=O,C1=CC=CC=C1
co2,124-38-9,benzene,71-43-2,0.8029999999999999,25,0.19700000000000006,51.4,C(=O)=O,C1=CC=CC=C1
co2,124-38-9,benzene,71-43-2,0.9079999999999999,25,0.09200000000000008,56.2,C(=O)=O,C1=CC=CC=C1
co2,124-38-9,benzene,71-43-2,0.51,30,0.49,42.4,C(=O)=O,C1=CC=CC=C1
co2,124-38-9,benzene,71-43-2,0.602,30,0.398,47.8,C(=O)=O,C1=CC=CC=C1
co2,124-38-9,benzene,71-43-2,0.71,30,0.29000000000000004,52.4,C(=O)=O,C1=CC=CC=C1
co2,124-38-9,benzene,71-43-2,0.8029999999999999,30,0.19700000000000006,55.9,C(=O)=O,C1=CC=CC=C1
co2,124-38-9,benzene,71-43-2,0.9079999999999999,30,0.09200000000000008,61.5,C(=O)=O,C1=CC=CC=C1
co2,124-38-9,benzene,71-43-2,0.51,35,0.49,45.6,C(=O)=O,C1=CC=CC=C1
co2,124-38-9,benzene,71-43-2,0.602,35,0.398,52.1,C(=O)=O,C1=CC=CC=C1
co2,124-38-9,benzene,71-43-2,0.71,35,0.29000000000000004,57.3,C(=O)=O,C1=CC=CC=C1
co2,124-38-9,benzene,71-43-2,0.8029999999999999,35,0.19700000000000006,62.1,C(=O)=O,C1=CC=CC=C1
co2,124-38-9,benzene,71-43-2,0.9079999999999999,35,0.09200000000000008,68.1,C(=O)=O,C1=CC=CC=C1
co2,124-38-9,benzene,71-43-2,0.51,40,0.49,48.8,C(=O)=O,C1=CC=CC=C1
co2,124-38-9,benzene,71-43-2,0.602,40,0.398,55.8,C(=O)=O,C1=CC=CC=C1
co2,124-38-9,benzene,71-43-2,0.71,40,0.29000000000000004,62.8,C(=O)=O,C1=CC=CC=C1
co2,124-38-9,benzene,71-43-2,0.8029999999999999,40,0.19700000000000006,68.2,C(=O)=O,C1=CC=CC=C1
co2,124-38-9,benzene,71-43-2,0.9079999999999999,40,0.09200000000000008,74.2,C(=O)=O,C1=CC=CC=C1
co2,124-38-9,n-hexane,110-54-3,0.503,20,0.497,32.8,C(=O)=O,CCCCCC
co2,124-38-9,n-hexane,110-54-3,0.61,20,0.39,38.4,C(=O)=O,CCCCCC
co2,124-38-9,n-hexane,110-54-3,0.708,20,0.29200000000000004,42.4,C(=O)=O,CCCCCC
co2,124-38-9,n-hexane,110-54-3,0.81,20,0.18999999999999995,46.1,C(=O)=O,CCCCCC
co2,124-38-9,n-hexane,110-54-3,0.91,20,0.08999999999999997,50.7,C(=O)=O,CCCCCC
co2,124-38-9,n-hexane,110-54-3,0.503,25,0.497,35.1,C(=O)=O,CCCCCC
co2,124-38-9,n-hexane,110-54-3,0.61,25,0.39,41.5,C(=O)=O,CCCCCC
co2,124-38-9,n-hexane,110-54-3,0.708,25,0.29200000000000004,46.5,C(=O)=O,CCCCCC
co2,124-38-9,n-hexane,110-54-3,0.81,25,0.18999999999999995,50.7,C(=O)=O,CCCCCC
co2,124-38-9,n-hexane,110-54-3,0.91,25,0.08999999999999997,55.5,C(=O)=O,CCCCCC
co2,124-38-9,n-hexane,110-54-3,0.503,30,0.497,38.3,C(=O)=O,CCCCCC
co2,124-38-9,n-hexane,110-54-3,0.61,30,0.39,45.9,C(=O)=O,CCCCCC
co2,124-38-9,n-hexane,110-54-3,0.708,30,0.29200000000000004,50.8,C(=O)=O,CCCCCC
co2,124-38-9,n-hexane,110-54-3,0.81,30,0.18999999999999995,55.8,C(=O)=O,CCCCCC
co2,124-38-9,n-hexane,110-54-3,0.91,30,0.08999999999999997,61.5,C(=O)=O,CCCCCC
co2,124-38-9,n-hexane,110-54-3,0.503,35,0.497,40.6,C(=O)=O,CCCCCC
co2,124-38-9,n-hexane,110-54-3,0.61,35,0.39,48.6,C(=O)=O,CCCCCC
co2,124-38-9,n-hexane,110-54-3,0.708,35,0.29200000000000004,55.1,C(=O)=O,CCCCCC
co2,124-38-9,n-hexane,110-54-3,0.81,35,0.18999999999999995,60.2,C(=O)=O,CCCCCC
co2,124-38-9,n-hexane,110-54-3,0.91,35,0.08999999999999997,66.5,C(=O)=O,CCCCCC
co2,124-38-9,n-hexane,110-54-3,0.503,40,0.497,43.5,C(=O)=O,CCCCCC
co2,124-38-9,n-hexane,110-54-3,0.61,40,0.39,52.1,C(=O)=O,CCCCCC
co2,124-38-9,n-hexane,110-54-3,0.708,40,0.29200000000000004,58.9,C(=O)=O,CCCCCC
co2,124-38-9,n-hexane,110-54-3,0.81,40,0.18999999999999995,64.5,C(=O)=O,CCCCCC
co2,124-38-9,n-hexane,110-54-3,0.91,40,0.08999999999999997,73.1,C(=O)=O,CCCCCC
co2,124-38-9,toluene,108-88-3,0.502,20,0.498,36.8,C(=O)=O,CC1=CC=CC=C1
co2,124-38-9,toluene,108-88-3,0.601,20,0.399,40.6,C(=O)=O,CC1=CC=CC=C1
co2,124-38-9,toluene,108-88-3,0.7070000000000001,20,0.2929999999999999,44.2,C(=O)=O,CC1=CC=CC=C1
co2,124-38-9,toluene,108-88-3,0.8079999999999999,20,0.19200000000000006,48.1,C(=O)=O,CC1=CC=CC=C1
co2,124-38-9,toluene,108-88-3,0.903,20,0.09699999999999998,49.3,C(=O)=O,CC1=CC=CC=C1
co2,124-38-9,toluene,108-88-3,0.502,25,0.498,38.0,C(=O)=O,CC1=CC=CC=C1
co2,124-38-9,toluene,108-88-3,0.601,25,0.399,45.3,C(=O)=O,CC1=CC=CC=C1
co2,124-38-9,toluene,108-88-3,0.7070000000000001,25,0.2929999999999999,50.3,C(=O)=O,CC1=CC=CC=C1
co2,124-38-9,toluene,108-88-3,0.8079999999999999,25,0.19200000000000006,53.0,C(=O)=O,CC1=CC=CC=C1
co2,124-38-9,toluene,108-88-3,0.903,25,0.09699999999999998,55.8,C(=O)=O,CC1=CC=CC=C1
co2,124-38-9,toluene,108-88-3,0.502,30,0.498,42.1,C(=O)=O,CC1=CC=CC=C1
co2,124-38-9,toluene,108-88-3,0.601,30,0.399,48.8,C(=O)=O,CC1=CC=CC=C1
co2,124-38-9,toluene,108-88-3,0.7070000000000001,30,0.2929999999999999,54.6,C(=O)=O,CC1=CC=CC=C1
co2,124-38-9,toluene,108-88-3,0.8079999999999999,30,0.19200000000000006,59.5,C(=O)=O,CC1=CC=CC=C1
co2,124-38-9,toluene,108-88-3,0.903,30,0.09699999999999998,62.9,C(=O)=O,CC1=CC=CC=C1
co2,124-38-9,toluene,108-88-3,0.502,35,0.498,45.0,C(=O)=O,CC1=CC=CC=C1
co2,124-38-9,toluene,108-88-3,0.601,35,0.399,54.0,C(=O)=O,CC1=CC=CC=C1
co2,124-38-9,toluene,108-88-3,0.7070000000000001,35,0.2929999999999999,60.1,C(=O)=O,CC1=CC=CC=C1
co2,124-38-9,toluene,108-88-3,0.8079999999999999,35,0.19200000000000006,63.9,C(=O)=O,CC1=CC=CC=C1
co2,124-38-9,toluene,108-88-3,0.903,35,0.09699999999999998,69.1,C(=O)=O,CC1=CC=CC=C1
co2,124-38-9,toluene,108-88-3,0.502,40,0.498,49.2,C(=O)=O,CC1=CC=CC=C1
co2,124-38-9,toluene,108-88-3,0.601,40,0.399,58.2,C(=O)=O,CC1=CC=CC=C1
co2,124-38-9,toluene,108-88-3,0.7070000000000001,40,0.2929999999999999,65.1,C(=O)=O,CC1=CC=CC=C1
co2,124-38-9,toluene,108-88-3,0.8079999999999999,40,0.19200000000000006,70.5,C(=O)=O,CC1=CC=CC=C1
co2,124-38-9,toluene,108-88-3,0.903,40,0.09699999999999998,74.9,C(=O)=O,CC1=CC=CC=C1
co2,124-38-9,n-heptane,142-82-5,0.503,20,0.497,34.8,C(=O)=O,CCCCCCC
co2,124-38-9,n-heptane,142-82-5,0.605,20,0.395,41.2,C(=O)=O,CCCCCCC
co2,124-38-9,n-heptane,142-82-5,0.7070000000000001,20,0.2929999999999999,45.3,C(=O)=O,CCCCCCC
co2,124-38-9,n-heptane,142-82-5,0.802,20,0.19799999999999995,48.1,C(=O)=O,CCCCCCC
co2,124-38-9,n-heptane,142-82-5,0.904,20,0.09599999999999997,50.9,C(=O)=O,CCCCCCC
co2,124-38-9,n-heptane,142-82-5,0.503,25,0.497,37.9,C(=O)=O,CCCCCCC
co2,124-38-9,n-heptane,142-82-5,0.605,25,0.395,44.2,C(=O)=O,CCCCCCC
co2,124-38-9,n-heptane,142-82-5,0.7070000000000001,25,0.2929999999999999,49.2,C(=O)=O,CCCCCCC
co2,124-38-9,n-heptane,142-82-5,0.802,25,0.19799999999999995,52.8,C(=O)=O,CCCCCCC
co2,124-38-9,n-heptane,142-82-5,0.904,25,0.09599999999999997,56.1,C(=O)=O,CCCCCCC
co2,124-38-9,n-heptane,142-82-5,0.503,30,0.497,41.1,C(=O)=O,CCCCCCC
co2,124-38-9,n-heptane,142-82-5,0.605,30,0.395,47.6,C(=O)=O,CCCCCCC
co2,124-38-9,n-heptane,142-82-5,0.7070000000000001,30,0.2929999999999999,54.1,C(=O)=O,CCCCCCC
co2,124-38-9,n-heptane,142-82-5,0.802,30,0.19799999999999995,57.8,C(=O)=O,CCCCCCC
co2,124-38-9,n-heptane,142-82-5,0.904,30,0.09599999999999997,61.4,C(=O)=O,CCCCCCC
co2,124-38-9,n-heptane,142-82-5,0.503,35,0.497,43.2,C(=O)=O,CCCCCCC
co2,124-38-9,n-heptane,142-82-5,0.605,35,0.395,51.8,C(=O)=O,CCCCCCC
co2,124-38-9,n-heptane,142-82-5,0.7070000000000001,35,0.2929999999999999,58.2,C(=O)=O,CCCCCCC
co2,124-38-9,n-heptane,142-82-5,0.802,35,0.19799999999999995,63.1,C(=O)=O,CCCCCCC
co2,124-38-9,n-heptane,142-82-5,0.904,35,0.09599999999999997,67.8,C(=O)=O,CCCCCCC
co2,124-38-9,n-heptane,142-82-5,0.503,40,0.497,45.7,C(=O)=O,CCCCCCC
co2,124-38-9,n-heptane,142-82-5,0.605,40,0.395,54.3,C(=O)=O,CCCCCCC
co2,124-38-9,n-heptane,142-82-5,0.7070000000000001,40,0.2929999999999999,62.9,C(=O)=O,CCCCCCC
co2,124-38-9,n-heptane,142-82-5,0.802,40,0.19799999999999995,69.1,C(=O)=O,CCCCCCC
co2,124-38-9,n-heptane,142-82-5,0.904,40,0.09599999999999997,74.1,C(=O)=O,CCCCCCC
co2,124-38-9,propanol,71-23-8,0.0492,20,0.9508,7.4,C(=O)=O,CCCO
co2,124-38-9,propanol,71-23-8,0.1045,20,0.8955,14.9,C(=O)=O,CCCO
co2,124-38-9,propanol,71-23-8,0.1881,20,0.8119000000000001,25.5,C(=O)=O,CCCO
co2,124-38-9,propanol,71-23-8,0.2882,20,0.7118,36.0,C(=O)=O,CCCO
co2,124-38-9,propanol,71-23-8,0.4181,20,0.5819,45.2,C(=O)=O,CCCO
co2,124-38-9,propanol,71-23-8,0.612,20,0.388,51.6,C(=O)=O,CCCO
co2,124-38-9,propanol,71-23-8,0.6559,20,0.34409999999999996,52.1,C(=O)=O,CCCO
co2,124-38-9,propanol,71-23-8,0.8089,20,0.19110000000000005,52.6,C(=O)=O,CCCO
co2,124-38-9,propanol,71-23-8,0.0361,30,0.9639,6.4,C(=O)=O,CCCO
co2,124-38-9,propanol,71-23-8,0.0817,30,0.9183,14.1,C(=O)=O,CCCO
co2,124-38-9,propanol,71-23-8,0.1729,30,0.8271,26.4,C(=O)=O,CCCO
co2,124-38-9,propanol,71-23-8,0.2732,30,0.7268,39.7,C(=O)=O,CCCO
co2,124-38-9,propanol,71-23-8,0.4389,30,0.5610999999999999,54.7,C(=O)=O,CCCO
co2,124-38-9,propanol,71-23-8,0.5670000000000001,30,0.43299999999999994,61.8,C(=O)=O,CCCO
co2,124-38-9,propanol,71-23-8,0.7631,30,0.2369,64.9,C(=O)=O,CCCO
co2,124-38-9,propanol,71-23-8,0.7913,30,0.2087,65.2,C(=O)=O,CCCO
co2,124-38-9,propanol,71-23-8,0.0337,40,0.9663,6.1,C(=O)=O,CCCO
co2,124-38-9,propanol,71-23-8,0.08900000000000001,40,0.911,15.5,C(=O)=O,CCCO
co2,124-38-9,propanol,71-23-8,0.1442,40,0.8558,25.4,C(=O)=O,CCCO
co2,124-38-9,propanol,71-23-8,0.22039999999999998,40,0.7796000000000001,36.5,C(=O)=O,CCCO
co2,124-38-9,propanol,71-23-8,0.2867,40,0.7133,47.9,C(=O)=O,CCCO
co2,124-38-9,propanol,71-23-8,0.37439999999999996,40,0.6256,58.7,C(=O)=O,CCCO
co2,124-38-9,propanol,71-23-8,0.542,40,0.45799999999999996,71.6,C(=O)=O,CCCO
co2,124-38-9,propanol,71-23-8,0.7423000000000001,40,0.25769999999999993,78.6,C(=O)=O,CCCO
co2,124-38-9,n-butanol,71-36-3,0.0444,20,0.9556,6.3,C(=O)=O,CCCCO
co2,124-38-9,n-butanol,71-36-3,0.08839999999999999,20,0.9116,12.3,C(=O)=O,CCCCO
co2,124-38-9,n-butanol,71-36-3,0.1761,20,0.8239,22.6,C(=O)=O,CCCCO
co2,124-38-9,n-butanol,71-36-3,0.254,20,0.746,30.9,C(=O)=O,CCCCO
co2,124-38-9,n-butanol,71-36-3,0.38670000000000004,20,0.6133,43.1,C(=O)=O,CCCCO
co2,124-38-9,n-butanol,71-36-3,0.4927,20,0.5073,49.5,C(=O)=O,CCCCO
co2,124-38-9,n-butanol,71-36-3,0.7414000000000001,20,0.25859999999999994,54.6,C(=O)=O,CCCCO
co2,124-38-9,n-butanol,71-36-3,0.0281,30,0.9719,5.2,C(=O)=O,CCCCO
co2,124-38-9,n-butanol,71-36-3,0.053899999999999997,30,0.9461,9.6,C(=O)=O,CCCCO
co2,124-38-9,n-butanol,71-36-3,0.1307,30,0.8693,19.3,C(=O)=O,CCCCO
co2,124-38-9,n-butanol,71-36-3,0.19390000000000002,30,0.8061,28.9,C(=O)=O,CCCCO
co2,124-38-9,n-butanol,71-36-3,0.2591,30,0.7409,36.2,C(=O)=O,CCCCO
co2,124-38-9,n-butanol,71-36-3,0.2969,30,0.7031000000000001,42.5,C(=O)=O,CCCCO
co2,124-38-9,n-butanol,71-36-3,0.3618,30,0.6382,49.6,C(=O)=O,CCCCO
co2,124-38-9,n-butanol,71-36-3,0.4265,30,0.5735,55.1,C(=O)=O,CCCCO
co2,124-38-9,n-butanol,71-36-3,0.5496,30,0.4504,61.2,C(=O)=O,CCCCO
co2,124-38-9,n-butanol,71-36-3,0.6394,30,0.36060000000000003,64.8,C(=O)=O,CCCCO
co2,124-38-9,n-butanol,71-36-3,0.7637999999999999,30,0.23620000000000008,66.5,C(=O)=O,CCCCO
co2,124-38-9,n-butanol,71-36-3,0.7798999999999999,30,0.22010000000000007,66.8,C(=O)=O,CCCCO
co2,124-38-9,n-butanol,71-36-3,0.8119,30,0.18810000000000004,67.0,C(=O)=O,CCCCO
co2,124-38-9,n-butanol,71-36-3,0.8367,30,0.1633,67.4,C(=O)=O,CCCCO
co2,124-38-9,n-butanol,71-36-3,0.0322,40,0.9678,5.7,C(=O)=O,CCCCO
co2,124-38-9,n-butanol,71-36-3,0.048499999999999995,40,0.9515,8.5,C(=O)=O,CCCCO
co2,124-38-9,n-butanol,71-36-3,0.0882,40,0.9117999999999999,14.5,C(=O)=O,CCCCO
co2,124-38-9,n-butanol,71-36-3,0.1424,40,0.8576,23.4,C(=O)=O,CCCCO
co2,124-38-9,n-butanol,71-36-3,0.2004,40,0.7996,32.5,C(=O)=O,CCCCO
co2,124-38-9,n-butanol,71-36-3,0.25429999999999997,40,0.7457,40.4,C(=O)=O,CCCCO
co2,124-38-9,n-butanol,71-36-3,0.2867,40,0.7133,45.8,C(=O)=O,CCCCO
co2,124-38-9,n-butanol,71-36-3,0.2876,40,0.7123999999999999,46.0,C(=O)=O,CCCCO
co2,124-38-9,n-butanol,71-36-3,0.3193,40,0.6807000000000001,50.3,C(=O)=O,CCCCO
co2,124-38-9,n-butanol,71-36-3,0.3367,40,0.6633,52.3,C(=O)=O,CCCCO
co2,124-38-9,n-butanol,71-36-3,0.39390000000000003,40,0.6061,60.9,C(=O)=O,CCCCO
co2,124-38-9,n-butanol,71-36-3,0.42229999999999995,40,0.5777000000000001,63.6,C(=O)=O,CCCCO
co2,124-38-9,n-butanol,71-36-3,0.424,40,0.5760000000000001,64.1,C(=O)=O,CCCCO
co2,124-38-9,n-butanol,71-36-3,0.46,40,0.54,66.7,C(=O)=O,CCCCO
co2,124-38-9,n-butanol,71-36-3,0.46549999999999997,40,0.5345,67.5,C(=O)=O,CCCCO
co2,124-38-9,n-butanol,71-36-3,0.4832,40,0.5167999999999999,68.2,C(=O)=O,CCCCO
co2,124-38-9,n-butanol,71-36-3,0.5363,40,0.4637,72.3,C(=O)=O,CCCCO
co2,124-38-9,n-butanol,71-36-3,0.595,40,0.405,75.5,C(=O)=O,CCCCO
co2,124-38-9,n-butanol,71-36-3,0.6406999999999999,40,0.35930000000000006,77.7,C(=O)=O,CCCCO
co2,124-38-9,n-butanol,71-36-3,0.6693000000000001,40,0.3306999999999999,79.6,C(=O)=O,CCCCO
co2,124-38-9,n-butanol,71-36-3,0.7053,40,0.29469999999999996,80.6,C(=O)=O,CCCCO
co2,124-38-9,n-butanol,71-36-3,0.7245,40,0.27549999999999997,80.7,C(=O)=O,CCCCO
co2,124-38-9,n-butanol,71-36-3,0.7820999999999999,40,0.2179000000000001,81.1,C(=O)=O,CCCCO
co2,124-38-9,2-butanol,78-92-2,0.0412,25,0.9588,7.4,C(=O)=O,CCC(C)O
co2,124-38-9,2-butanol,78-92-2,0.10210000000000001,25,0.8979,16.2,C(=O)=O,CCC(C)O
co2,124-38-9,2-butanol,78-92-2,0.1942,25,0.8058,26.6,C(=O)=O,CCC(C)O
co2,124-38-9,2-butanol,78-92-2,0.3121,25,0.6879,37.3,C(=O)=O,CCC(C)O
co2,124-38-9,2-butanol,78-92-2,0.4269,25,0.5730999999999999,46.8,C(=O)=O,CCC(C)O
co2,124-38-9,2-butanol,78-92-2,0.4857,25,0.5143,50.4,C(=O)=O,CCC(C)O
co2,124-38-9,2-butanol,78-92-2,0.5965,25,0.40349999999999997,55.1,C(=O)=O,CCC(C)O
co2,124-38-9,2-butanol,78-92-2,0.6572,25,0.3428,56.5,C(=O)=O,CCC(C)O
co2,124-38-9,2-butanol,78-92-2,0.7171,25,0.28290000000000004,57.9,C(=O)=O,CCC(C)O
co2,124-38-9,2-butanol,78-92-2,0.8724,25,0.12760000000000005,60.1,C(=O)=O,CCC(C)O
co2,124-38-9,2-butanol,78-92-2,0.9641,25,0.03590000000000004,62.8,C(=O)=O,CCC(C)O
co2,124-38-9,2-butanol,78-92-2,0.023799999999999998,35,0.9762,4.8,C(=O)=O,CCC(C)O
co2,124-38-9,2-butanol,78-92-2,0.0587,35,0.9413,11.2,C(=O)=O,CCC(C)O
co2,124-38-9,2-butanol,78-92-2,0.1266,35,0.8734,21.4,C(=O)=O,CCC(C)O
co2,124-38-9,2-butanol,78-92-2,0.1989,35,0.8011,30.0,C(=O)=O,CCC(C)O
co2,124-38-9,2-butanol,78-92-2,0.2883,35,0.7117,39.6,C(=O)=O,CCC(C)O
co2,124-38-9,2-butanol,78-92-2,0.4279,35,0.5721,53.4,C(=O)=O,CCC(C)O
co2,124-38-9,2-butanol,78-92-2,0.5398,35,0.46020000000000005,61.8,C(=O)=O,CCC(C)O
co2,124-38-9,2-butanol,78-92-2,0.6219,35,0.3781,65.9,C(=O)=O,CCC(C)O
co2,124-38-9,2-butanol,78-92-2,0.6884999999999999,35,0.3115000000000001,68.3,C(=O)=O,CCC(C)O
co2,124-38-9,2-butanol,78-92-2,0.7249,35,0.2751,69.0,C(=O)=O,CCC(C)O
co2,124-38-9,2-butanol,78-92-2,0.7297,35,0.2703,69.1,C(=O)=O,CCC(C)O
co2,124-38-9,2-butanol,78-92-2,0.7973,35,0.2027,70.2,C(=O)=O,CCC(C)O
co2,124-38-9,2-butanol,78-92-2,0.8011,35,0.19889999999999997,70.6,C(=O)=O,CCC(C)O
co2,124-38-9,2-butanol,78-92-2,0.8183,35,0.18169999999999997,71.1,C(=O)=O,CCC(C)O
co2,124-38-9,2-butanol,78-92-2,0.8484999999999999,35,0.15150000000000008,72.5,C(=O)=O,CCC(C)O
co2,124-38-9,2-butanol,78-92-2,0.054299999999999994,45,0.9457,10.5,C(=O)=O,CCC(C)O
co2,124-38-9,2-butanol,78-92-2,0.08470000000000001,45,0.9153,16.1,C(=O)=O,CCC(C)O
co2,124-38-9,2-butanol,78-92-2,0.1445,45,0.8555,26.1,C(=O)=O,CCC(C)O
co2,124-38-9,2-butanol,78-92-2,0.2234,45,0.7766,37.6,C(=O)=O,CCC(C)O
co2,124-38-9,2-butanol,78-92-2,0.3295,45,0.6705,49.2,C(=O)=O,CCC(C)O
co2,124-38-9,2-butanol,78-92-2,0.4355,45,0.5645,60.4,C(=O)=O,CCC(C)O
co2,124-38-9,2-butanol,78-92-2,0.5152,45,0.4848,66.9,C(=O)=O,CCC(C)O
co2,124-38-9,2-butanol,78-92-2,0.6082,45,0.39180000000000004,73.8,C(=O)=O,CCC(C)O
co2,124-38-9,2-butanol,78-92-2,0.7643000000000001,45,0.2356999999999999,81.1,C(=O)=O,CCC(C)O
co2,124-38-9,2-butanol,78-92-2,0.7792,45,0.2208,81.5,C(=O)=O,CCC(C)O
co2,124-38-9,1-hexanol,111-27-3,0.0765,20,0.9235,7.6,C(=O)=O,CCCCCCO
co2,124-38-9,1-hexanol,111-27-3,0.1308,20,0.8692,13.3,C(=O)=O,CCCCCCO
co2,124-38-9,1-hexanol,111-27-3,0.2545,20,0.7455,24.8,C(=O)=O,CCCCCCO
co2,124-38-9,1-hexanol,111-27-3,0.2974,20,0.7026,31.5,C(=O)=O,CCCCCCO
co2,124-38-9,1-hexanol,111-27-3,0.46549999999999997,20,0.5345,45.8,C(=O)=O,CCCCCCO
co2,124-38-9,1-hexanol,111-27-3,0.6703,20,0.3297,53.6,C(=O)=O,CCCCCCO
co2,124-38-9,1-hexanol,111-27-3,0.3926,30,0.6073999999999999,48.7,C(=O)=O,CCCCCCO
co2,124-38-9,1-hexanol,111-27-3,0.5549000000000001,30,0.44509999999999994,61.2,C(=O)=O,CCCCCCO
co2,124-38-9,1-hexanol,111-27-3,0.6548,30,0.34519999999999995,66.4,C(=O)=O,CCCCCCO
co2,124-38-9,1-hexanol,111-27-3,0.9654,30,0.034599999999999964,67.0,C(=O)=O,CCCCCCO
co2,124-38-9,1-hexanol,111-27-3,0.98,30,0.020000000000000018,69.2,C(=O)=O,CCCCCCO
co2,124-38-9,1-hexanol,111-27-3,0.3926,40,0.6073999999999999,52.8,C(=O)=O,CCCCCCO
co2,124-38-9,1-hexanol,111-27-3,0.5549000000000001,40,0.44509999999999994,75.9,C(=O)=O,CCCCCCO
co2,124-38-9,1-hexanol,111-27-3,0.6548,40,0.34519999999999995,81.7,C(=O)=O,CCCCCCO
co2,124-38-9,1-hexanol,111-27-3,0.7762,40,0.2238,93.5,C(=O)=O,CCCCCCO
co2,124-38-9,1-hexanol,111-27-3,0.8212999999999999,40,0.17870000000000008,96.0,C(=O)=O,CCCCCCO
co2,124-38-9,1-hexanol,111-27-3,0.8554999999999999,40,0.14450000000000007,97.5,C(=O)=O,CCCCCCO
co2,124-38-9,1-pentanol,71-41-0,0.0358,20,0.9642,5.2,C(=O)=O,CCCCCO
co2,124-38-9,1-pentanol,71-41-0,0.0738,20,0.9262,9.8,C(=O)=O,CCCCCO
co2,124-38-9,1-pentanol,71-41-0,0.1572,20,0.8428,19.7,C(=O)=O,CCCCCO
co2,124-38-9,1-pentanol,71-41-0,0.2486,20,0.7514000000000001,29.2,C(=O)=O,CCCCCO
co2,124-38-9,1-pentanol,71-41-0,0.3832,20,0.6168,42.0,C(=O)=O,CCCCCO
co2,124-38-9,1-pentanol,71-41-0,0.4583,20,0.5417000000000001,47.4,C(=O)=O,CCCCCO
co2,124-38-9,1-pentanol,71-41-0,0.596,20,0.404,52.3,C(=O)=O,CCCCCO
co2,124-38-9,1-pentanol,71-41-0,0.7456999999999999,20,0.2543000000000001,54.2,C(=O)=O,CCCCCO
co2,124-38-9,1-pentanol,71-41-0,0.7641,20,0.2359,54.5,C(=O)=O,CCCCCO
co2,124-38-9,1-pentanol,71-41-0,0.0394,30,0.9606,6.0,C(=O)=O,CCCCCO
co2,124-38-9,1-pentanol,71-41-0,0.0668,30,0.9332,10.0,C(=O)=O,CCCCCO
co2,124-38-9,1-pentanol,71-41-0,0.15039999999999998,30,0.8496,20.3,C(=O)=O,CCCCCO
co2,124-38-9,1-pentanol,71-41-0,0.2293,30,0.7706999999999999,30.0,C(=O)=O,CCCCCO
co2,124-38-9,1-pentanol,71-41-0,0.299,30,0.7010000000000001,40.9,C(=O)=O,CCCCCO
co2,124-38-9,1-pentanol,71-41-0,0.3668,30,0.6332,47.0,C(=O)=O,CCCCCO
co2,124-38-9,1-pentanol,71-41-0,0.4843,30,0.5157,57.8,C(=O)=O,CCCCCO
co2,124-38-9,1-pentanol,71-41-0,0.5509000000000001,30,0.44909999999999994,62.7,C(=O)=O,CCCCCO
co2,124-38-9,1-pentanol,71-41-0,0.8462999999999999,30,0.15370000000000006,67.4,C(=O)=O,CCCCCO
co2,124-38-9,1-pentanol,71-41-0,0.8471,30,0.15290000000000004,67.5,C(=O)=O,CCCCCO
co2,124-38-9,1-2-dimethoxyethane,110-71-4,0.3779,40,0.6221,10.8,C(=O)=O,COCCOC
co2,124-38-9,1-2-dimethoxyethane,110-71-4,0.5649000000000001,40,0.43509999999999993,20.5,C(=O)=O,COCCOC
co2,124-38-9,1-2-dimethoxyethane,110-71-4,0.6931999999999999,40,0.3068000000000001,30.7,C(=O)=O,COCCOC
co2,124-38-9,1-2-dimethoxyethane,110-71-4,0.7805,40,0.21950000000000003,40.3,C(=O)=O,COCCOC
co2,124-38-9,1-2-dimethoxyethane,110-71-4,0.8452,40,0.15480000000000005,50.7,C(=O)=O,COCCOC
co2,124-38-9,1-2-dimethoxyethane,110-71-4,0.8978,40,0.10219999999999996,60.2,C(=O)=O,COCCOC
co2,124-38-9,1-2-dimethoxyethane,110-71-4,0.9567,40,0.043300000000000005,70.6,C(=O)=O,COCCOC
co2,124-38-9,1-2-dimethoxyethane,110-71-4,0.341,50,0.659,10.8,C(=O)=O,COCCOC
co2,124-38-9,1-2-dimethoxyethane,110-71-4,0.5221,50,0.4779,20.9,C(=O)=O,COCCOC
co2,124-38-9,1-2-dimethoxyethane,110-71-4,0.6254,50,0.37460000000000004,30.8,C(=O)=O,COCCOC
co2,124-38-9,1-2-dimethoxyethane,110-71-4,0.7169,50,0.2831,40.2,C(=O)=O,COCCOC
co2,124-38-9,1-2-dimethoxyethane,110-71-4,0.7857,50,0.21430000000000005,50.6,C(=O)=O,COCCOC
co2,124-38-9,1-2-dimethoxyethane,110-71-4,0.8439,50,0.15610000000000002,60.6,C(=O)=O,COCCOC
co2,124-38-9,1-2-dimethoxyethane,110-71-4,0.9005,50,0.09950000000000003,70.7,C(=O)=O,COCCOC
co2,124-38-9,1-2-dimethoxyethane,110-71-4,0.9437000000000001,50,0.056299999999999906,80.5,C(=O)=O,COCCOC
co2,124-38-9,1-2-dimethoxyethane,110-71-4,0.2958,60,0.7041999999999999,11.2,C(=O)=O,COCCOC
co2,124-38-9,1-2-dimethoxyethane,110-71-4,0.4586,60,0.5414,20.7,C(=O)=O,COCCOC
co2,124-38-9,1-2-dimethoxyethane,110-71-4,0.5922,60,0.40780000000000005,31.0,C(=O)=O,COCCOC
co2,124-38-9,1-2-dimethoxyethane,110-71-4,0.6657,60,0.33430000000000004,40.7,C(=O)=O,COCCOC
co2,124-38-9,1-2-dimethoxyethane,110-71-4,0.7343000000000001,60,0.26569999999999994,50.5,C(=O)=O,COCCOC
co2,124-38-9,1-2-dimethoxyethane,110-71-4,0.7948000000000001,60,0.20519999999999994,60.7,C(=O)=O,COCCOC
co2,124-38-9,1-2-dimethoxyethane,110-71-4,0.8454999999999999,60,0.15450000000000008,70.7,C(=O)=O,COCCOC
co2,124-38-9,1-2-dimethoxyethane,110-71-4,0.8935,60,0.10650000000000004,80.8,C(=O)=O,COCCOC
co2,124-38-9,1-2-dimethoxyethane,110-71-4,0.9833,60,0.016700000000000048,99.0,C(=O)=O,COCCOC
co2,124-38-9,2-methoxyethanol,109-86-4,0.034,25,0.966,3.291,C(=O)=O,COCCO
co2,124-38-9,2-methoxyethanol,109-86-4,0.066,25,0.9339999999999999,6.339,C(=O)=O,COCCO
co2,124-38-9,2-methoxyethanol,109-86-4,0.107,25,0.893,10.264,C(=O)=O,COCCO
co2,124-38-9,2-methoxyethanol,109-86-4,0.15,25,0.85,14.368,C(=O)=O,COCCO
co2,124-38-9,2-methoxyethanol,109-86-4,0.185,25,0.815,17.709,C(=O)=O,COCCO
co2,124-38-9,2-methoxyethanol,109-86-4,0.237,25,0.763,22.632,C(=O)=O,COCCO
co2,124-38-9,2-methoxyethanol,109-86-4,0.281,25,0.719,26.89,C(=O)=O,COCCO
co2,124-38-9,2-methoxyethanol,109-86-4,0.3284,25,0.6716,31.415,C(=O)=O,COCCO
co2,124-38-9,2-methoxyethanol,109-86-4,0.3754,25,0.6246,35.913,C(=O)=O,COCCO
co2,124-38-9,2-methoxyethanol,109-86-4,0.42560000000000003,25,0.5744,40.717,C(=O)=O,COCCO
co2,124-38-9,2-methoxyethanol,109-86-4,0.022000000000000002,35,0.978,2.725,C(=O)=O,COCCO
co2,124-38-9,2-methoxyethanol,109-86-4,0.046,35,0.954,5.713,C(=O)=O,COCCO
co2,124-38-9,2-methoxyethanol,109-86-4,0.079,35,0.921,9.762,C(=O)=O,COCCO
co2,124-38-9,2-methoxyethanol,109-86-4,0.106,35,0.894,13.158,C(=O)=O,COCCO
co2,124-38-9,2-methoxyethanol,109-86-4,0.14300000000000002,35,0.857,17.729,C(=O)=O,COCCO
co2,124-38-9,2-methoxyethanol,109-86-4,0.17600000000000002,35,0.824,21.641,C(=O)=O,COCCO
co2,124-38-9,2-methoxyethanol,109-86-4,0.215,35,0.785,26.625,C(=O)=O,COCCO
co2,124-38-9,2-methoxyethanol,109-86-4,0.2494,35,0.7505999999999999,30.911,C(=O)=O,COCCO
co2,124-38-9,2-methoxyethanol,109-86-4,0.2843,35,0.7157,35.236,C(=O)=O,COCCO
co2,124-38-9,2-methoxyethanol,109-86-4,0.318,35,0.6819999999999999,39.405,C(=O)=O,COCCO
co2,124-38-9,2-methoxyethanol,109-86-4,0.35840000000000005,35,0.6416,44.413,C(=O)=O,COCCO
co2,124-38-9,2-methoxyethanol,109-86-4,0.3874,35,0.6126,48.009,C(=O)=O,COCCO
co2,124-38-9,2-methoxyethanol,109-86-4,0.4257,35,0.5743,52.753,C(=O)=O,COCCO
co2,124-38-9,2-methoxyethanol,109-86-4,0.008199999999999999,45,0.9918,1.253,C(=O)=O,COCCO
co2,124-38-9,2-methoxyethanol,109-86-4,0.031400000000000004,45,0.9686,4.8,C(=O)=O,COCCO
co2,124-38-9,2-methoxyethanol,109-86-4,0.0616,45,0.9384,9.422,C(=O)=O,COCCO
co2,124-38-9,2-methoxyethanol,109-86-4,0.0909,45,0.9091,13.905,C(=O)=O,COCCO
co2,124-38-9,2-methoxyethanol,109-86-4,0.1127,45,0.8873,17.236,C(=O)=O,COCCO
co2,124-38-9,2-methoxyethanol,109-86-4,0.1308,45,0.8692,20.005,C(=O)=O,COCCO
co2,124-38-9,2-methoxyethanol,109-86-4,0.1685,45,0.8315,25.772,C(=O)=O,COCCO
co2,124-38-9,2-methoxyethanol,109-86-4,0.20440000000000003,45,0.7956,31.264,C(=O)=O,COCCO
co2,124-38-9,2-methoxyethanol,109-86-4,0.2339,45,0.7661,35.783,C(=O)=O,COCCO
co2,124-38-9,2-methoxyethanol,109-86-4,0.2635,45,0.7364999999999999,40.316,C(=O)=O,COCCO
co2,124-38-9,2-methoxyethanol,109-86-4,0.3003,45,0.6997,45.937,C(=O)=O,COCCO
co2,124-38-9,2-methoxyethanol,109-86-4,0.33020000000000005,45,0.6698,50.512,C(=O)=O,COCCO
co2,124-38-9,2-methoxyethanol,109-86-4,0.35479999999999995,45,0.6452,54.271,C(=O)=O,COCCO
co2,124-38-9,2-ethoxyethanol,110-80-5,0.0403,25,0.9597,3.375,C(=O)=O,CCOCCO
co2,124-38-9,2-ethoxyethanol,110-80-5,0.1073,25,0.8927,8.987,C(=O)=O,CCOCCO
co2,124-38-9,2-ethoxyethanol,110-80-5,0.16140000000000002,25,0.8386,13.522,C(=O)=O,CCOCCO
co2,124-38-9,2-ethoxyethanol,110-80-5,0.2151,25,0.7848999999999999,18.018,C(=O)=O,CCOCCO
co2,124-38-9,2-ethoxyethanol,110-80-5,0.2615,25,0.7384999999999999,21.903,C(=O)=O,CCOCCO
co2,124-38-9,2-ethoxyethanol,110-80-5,0.2919,25,0.7081,24.451,C(=O)=O,CCOCCO
co2,124-38-9,2-ethoxyethanol,110-80-5,0.32549999999999996,25,0.6745000000000001,27.269,C(=O)=O,CCOCCO
co2,124-38-9,2-ethoxyethanol,110-80-5,0.37079999999999996,25,0.6292,31.065,C(=O)=O,CCOCCO
co2,124-38-9,2-ethoxyethanol,110-80-5,0.4236,25,0.5764,35.484,C(=O)=O,CCOCCO
co2,124-38-9,2-ethoxyethanol,110-80-5,0.47509999999999997,25,0.5249,39.798,C(=O)=O,CCOCCO
co2,124-38-9,2-ethoxyethanol,110-80-5,0.0253,35,0.9747,2.671,C(=O)=O,CCOCCO
co2,124-38-9,2-ethoxyethanol,110-80-5,0.0508,35,0.9492,5.349,C(=O)=O,CCOCCO
co2,124-38-9,2-ethoxyethanol,110-80-5,0.08810000000000001,35,0.9118999999999999,9.28,C(=O)=O,CCOCCO
co2,124-38-9,2-ethoxyethanol,110-80-5,0.1249,35,0.8751,13.165,C(=O)=O,CCOCCO
co2,124-38-9,2-ethoxyethanol,110-80-5,0.1635,35,0.8365,17.226,C(=O)=O,CCOCCO
co2,124-38-9,2-ethoxyethanol,110-80-5,0.2007,35,0.7993,21.147,C(=O)=O,CCOCCO
co2,124-38-9,2-ethoxyethanol,110-80-5,0.2391,35,0.7609,25.19,C(=O)=O,CCOCCO
co2,124-38-9,2-ethoxyethanol,110-80-5,0.2772,35,0.7228,29.203,C(=O)=O,CCOCCO
co2,124-38-9,2-ethoxyethanol,110-80-5,0.32020000000000004,35,0.6798,33.734,C(=O)=O,CCOCCO
co2,124-38-9,2-ethoxyethanol,110-80-5,0.35969999999999996,35,0.6403000000000001,37.898,C(=O)=O,CCOCCO
co2,124-38-9,2-ethoxyethanol,110-80-5,0.3923,35,0.6077,41.335,C(=O)=O,CCOCCO
co2,124-38-9,2-ethoxyethanol,110-80-5,0.4351,35,0.5649,45.842,C(=O)=O,CCOCCO
co2,124-38-9,2-ethoxyethanol,110-80-5,0.48340000000000005,35,0.5166,50.933,C(=O)=O,CCOCCO
co2,124-38-9,2-ethoxyethanol,110-80-5,0.016200000000000003,45,0.9838,1.985,C(=O)=O,CCOCCO
co2,124-38-9,2-ethoxyethanol,110-80-5,0.0398,45,0.9601999999999999,4.873,C(=O)=O,CCOCCO
co2,124-38-9,2-ethoxyethanol,110-80-5,0.0779,45,0.9221,9.539,C(=O)=O,CCOCCO
co2,124-38-9,2-ethoxyethanol,110-80-5,0.1124,45,0.8876,13.764,C(=O)=O,CCOCCO
co2,124-38-9,2-ethoxyethanol,110-80-5,0.1467,45,0.8533,17.962,C(=O)=O,CCOCCO
co2,124-38-9,2-ethoxyethanol,110-80-5,0.1716,45,0.8284,21.007,C(=O)=O,CCOCCO
co2,124-38-9,2-ethoxyethanol,110-80-5,0.2113,45,0.7887,25.87,C(=O)=O,CCOCCO
co2,124-38-9,2-ethoxyethanol,110-80-5,0.2525,45,0.7475,30.922,C(=O)=O,CCOCCO
co2,124-38-9,2-ethoxyethanol,110-80-5,0.2793,45,0.7207,34.198,C(=O)=O,CCOCCO
co2,124-38-9,2-ethoxyethanol,110-80-5,0.3175,45,0.6825,38.874,C(=O)=O,CCOCCO
co2,124-38-9,2-ethoxyethanol,110-80-5,0.3446,45,0.6554,42.196,C(=O)=O,CCOCCO
co2,124-38-9,2-ethoxyethanol,110-80-5,0.37979999999999997,45,0.6202000000000001,46.508,C(=O)=O,CCOCCO
co2,124-38-9,2-ethoxyethanol,110-80-5,0.4171,45,0.5829,51.077,C(=O)=O,CCOCCO
co2,124-38-9,2-ethoxyethanol,110-80-5,0.4545,45,0.5455,55.651,C(=O)=O,CCOCCO
co2,124-38-9,4-formylmorpholine,4394-85-8,0.00705,25,0.99295,0.455,C(=O)=O,C1COCCN1C=O
co2,124-38-9,4-formylmorpholine,4394-85-8,0.0524,25,0.9476,3.79,C(=O)=O,C1COCCN1C=O
co2,124-38-9,4-formylmorpholine,4394-85-8,0.145,25,0.855,11.2,C(=O)=O,C1COCCN1C=O
co2,124-38-9,4-formylmorpholine,4394-85-8,0.369,25,0.631,29.5,C(=O)=O,C1COCCN1C=O
co2,124-38-9,4-formylmorpholine,4394-85-8,0.72,25,0.28,59.06,C(=O)=O,C1COCCN1C=O
co2,124-38-9,4-formylmorpholine,4394-85-8,0.8029999999999999,25,0.19700000000000006,61.26,C(=O)=O,C1COCCN1C=O
co2,124-38-9,4-formylmorpholine,4394-85-8,0.8540000000000001,25,0.1459999999999999,62.16,C(=O)=O,C1COCCN1C=O
co2,124-38-9,4-formylmorpholine,4394-85-8,0.899,25,0.10099999999999998,62.67,C(=O)=O,C1COCCN1C=O
co2,124-38-9,4-formylmorpholine,4394-85-8,0.91,25,0.08999999999999997,62.98,C(=O)=O,C1COCCN1C=O
co2,124-38-9,4-formylmorpholine,4394-85-8,0.941,25,0.05900000000000005,63.59,C(=O)=O,C1COCCN1C=O
co2,124-38-9,4-formylmorpholine,4394-85-8,0.958,25,0.04200000000000004,63.78,C(=O)=O,C1COCCN1C=O
co2,124-38-9,4-formylmorpholine,4394-85-8,0.971,25,0.029000000000000026,64.1,C(=O)=O,C1COCCN1C=O
co2,124-38-9,4-formylmorpholine,4394-85-8,0.00299,40,0.99701,0.264,C(=O)=O,C1COCCN1C=O
co2,124-38-9,4-formylmorpholine,4394-85-8,0.00422,40,0.99578,0.382,C(=O)=O,C1COCCN1C=O
co2,124-38-9,4-formylmorpholine,4394-85-8,0.0393,40,0.9607,3.34,C(=O)=O,C1COCCN1C=O
co2,124-38-9,4-formylmorpholine,4394-85-8,0.136,40,0.864,13.2,C(=O)=O,C1COCCN1C=O
co2,124-38-9,4-formylmorpholine,4394-85-8,0.294,40,0.706,32.4,C(=O)=O,C1COCCN1C=O
co2,124-38-9,4-formylmorpholine,4394-85-8,0.504,40,0.496,55.3,C(=O)=O,C1COCCN1C=O
co2,124-38-9,4-formylmorpholine,4394-85-8,0.62,40,0.38,70.9,C(=O)=O,C1COCCN1C=O
co2,124-38-9,gamma-butyrolactone,96-48-0,0.24600000000000002,20,0.754,19.9,C(=O)=O,C1CC(=O)OC1
co2,124-38-9,gamma-butyrolactone,96-48-0,0.261,20,0.739,21.1,C(=O)=O,C1CC(=O)OC1
co2,124-38-9,gamma-butyrolactone,96-48-0,0.27899999999999997,20,0.7210000000000001,22.4,C(=O)=O,C1CC(=O)OC1
co2,124-38-9,gamma-butyrolactone,96-48-0,0.318,20,0.6819999999999999,25.8,C(=O)=O,C1CC(=O)OC1
co2,124-38-9,gamma-butyrolactone,96-48-0,0.474,20,0.526,37.9,C(=O)=O,C1CC(=O)OC1
co2,124-38-9,gamma-butyrolactone,96-48-0,0.5,20,0.5,40.0,C(=O)=O,C1CC(=O)OC1
co2,124-38-9,gamma-butyrolactone,96-48-0,0.619,20,0.381,47.0,C(=O)=O,C1CC(=O)OC1
co2,124-38-9,gamma-butyrolactone,96-48-0,0.774,20,0.22599999999999998,53.1,C(=O)=O,C1CC(=O)OC1
co2,124-38-9,gamma-butyrolactone,96-48-0,0.79,20,0.20999999999999996,53.7,C(=O)=O,C1CC(=O)OC1
co2,124-38-9,gamma-butyrolactone,96-48-0,0.23800000000000002,30,0.762,23.8,C(=O)=O,C1CC(=O)OC1
co2,124-38-9,gamma-butyrolactone,96-48-0,0.259,30,0.741,25.8,C(=O)=O,C1CC(=O)OC1
co2,124-38-9,gamma-butyrolactone,96-48-0,0.27899999999999997,30,0.7210000000000001,27.6,C(=O)=O,C1CC(=O)OC1
co2,124-38-9,gamma-butyrolactone,96-48-0,0.318,30,0.6819999999999999,31.7,C(=O)=O,C1CC(=O)OC1
co2,124-38-9,gamma-butyrolactone,96-48-0,0.461,30,0.5389999999999999,46.1,C(=O)=O,C1CC(=O)OC1
co2,124-38-9,gamma-butyrolactone,96-48-0,0.493,30,0.507,49.4,C(=O)=O,C1CC(=O)OC1
co2,124-38-9,gamma-butyrolactone,96-48-0,0.61,30,0.39,59.0,C(=O)=O,C1CC(=O)OC1
co2,124-38-9,gamma-butyrolactone,96-48-0,0.7490000000000001,30,0.2509999999999999,66.7,C(=O)=O,C1CC(=O)OC1
co2,124-38-9,gamma-butyrolactone,96-48-0,0.767,30,0.23299999999999998,67.6,C(=O)=O,C1CC(=O)OC1
co2,124-38-9,gamma-butyrolactone,96-48-0,0.233,40,0.767,27.8,C(=O)=O,C1CC(=O)OC1
co2,124-38-9,gamma-butyrolactone,96-48-0,0.254,40,0.746,30.5,C(=O)=O,C1CC(=O)OC1
co2,124-38-9,gamma-butyrolactone,96-48-0,0.276,40,0.724,33.2,C(=O)=O,C1CC(=O)OC1
co2,124-38-9,gamma-butyrolactone,96-48-0,0.318,40,0.6819999999999999,38.4,C(=O)=O,C1CC(=O)OC1
co2,124-38-9,gamma-butyrolactone,96-48-0,0.447,40,0.5529999999999999,54.9,C(=O)=O,C1CC(=O)OC1
co2,124-38-9,gamma-butyrolactone,96-48-0,0.485,40,0.515,59.3,C(=O)=O,C1CC(=O)OC1
co2,124-38-9,gamma-butyrolactone,96-48-0,0.603,40,0.397,72.8,C(=O)=O,C1CC(=O)OC1
co2,124-38-9,gamma-butyrolactone,96-48-0,0.6990000000000001,40,0.30099999999999993,82.0,C(=O)=O,C1CC(=O)OC1
co2,124-38-9,gamma-butyrolactone,96-48-0,0.7170000000000001,40,0.2829999999999999,82.8,C(=O)=O,C1CC(=O)OC1
co2,124-38-9,1-4-dioxane,123-91-1,0.151,25,0.849,8.2,C(=O)=O,C1COCCO1
co2,124-38-9,1-4-dioxane,123-91-1,0.231,25,0.769,12.4,C(=O)=O,C1COCCO1
co2,124-38-9,1-4-dioxane,123-91-1,0.29600000000000004,25,0.704,16.1,C(=O)=O,C1COCCO1
co2,124-38-9,1-4-dioxane,123-91-1,0.359,25,0.641,20.0,C(=O)=O,C1COCCO1
co2,124-38-9,1-4-dioxane,123-91-1,0.515,25,0.485,30.0,C(=O)=O,C1COCCO1
co2,124-38-9,1-4-dioxane,123-91-1,0.6509999999999999,25,0.3490000000000001,37.7,C(=O)=O,C1COCCO1
co2,124-38-9,1-4-dioxane,123-91-1,0.705,25,0.29500000000000004,40.2,C(=O)=O,C1COCCO1
co2,124-38-9,1-4-dioxane,123-91-1,0.75,25,0.25,44.4,C(=O)=O,C1COCCO1
co2,124-38-9,1-4-dioxane,123-91-1,0.857,25,0.14300000000000002,49.4,C(=O)=O,C1COCCO1
co2,124-38-9,1-4-dioxane,123-91-1,0.902,25,0.09799999999999998,52.1,C(=O)=O,C1COCCO1
co2,124-38-9,1-4-dioxane,123-91-1,0.0645,30,0.9355,4.3,C(=O)=O,C1COCCO1
co2,124-38-9,1-4-dioxane,123-91-1,0.1291,30,0.8709,10.2,C(=O)=O,C1COCCO1
co2,124-38-9,1-4-dioxane,123-91-1,0.1539,30,0.8461,10.5,C(=O)=O,C1COCCO1
co2,124-38-9,1-4-dioxane,123-91-1,0.19079999999999997,30,0.8092,11.2,C(=O)=O,C1COCCO1
co2,124-38-9,1-4-dioxane,123-91-1,0.20980000000000001,30,0.7902,12.2,C(=O)=O,C1COCCO1
co2,124-38-9,1-4-dioxane,123-91-1,0.22940000000000002,30,0.7706,13.3,C(=O)=O,C1COCCO1
co2,124-38-9,1-4-dioxane,123-91-1,0.2571,30,0.7429,16.6,C(=O)=O,C1COCCO1
co2,124-38-9,1-4-dioxane,123-91-1,0.36920000000000003,30,0.6308,23.6,C(=O)=O,C1COCCO1
co2,124-38-9,1-4-dioxane,123-91-1,0.4758,30,0.5242,29.5,C(=O)=O,C1COCCO1
co2,124-38-9,1-4-dioxane,123-91-1,0.5765,30,0.4235,35.9,C(=O)=O,C1COCCO1
co2,124-38-9,1-4-dioxane,123-91-1,0.6753,30,0.3247,43.0,C(=O)=O,C1COCCO1
co2,124-38-9,1-4-dioxane,123-91-1,0.685,30,0.31499999999999995,45.2,C(=O)=O,C1COCCO1
co2,124-38-9,1-4-dioxane,123-91-1,0.7334,30,0.26659999999999995,47.6,C(=O)=O,C1COCCO1
co2,124-38-9,1-4-dioxane,123-91-1,0.767,30,0.23299999999999998,50.3,C(=O)=O,C1COCCO1
co2,124-38-9,1-4-dioxane,123-91-1,0.7835,30,0.21650000000000003,51.3,C(=O)=O,C1COCCO1
co2,124-38-9,1-4-dioxane,123-91-1,0.8051999999999999,30,0.19480000000000008,53.6,C(=O)=O,C1COCCO1
co2,124-38-9,1-4-dioxane,123-91-1,0.8338,30,0.16620000000000001,56.1,C(=O)=O,C1COCCO1
co2,124-38-9,1-4-dioxane,123-91-1,0.8687,30,0.13129999999999997,59.1,C(=O)=O,C1COCCO1
co2,124-38-9,1-4-dioxane,123-91-1,0.0703,40,0.9297,5.3,C(=O)=O,C1COCCO1
co2,124-38-9,1-4-dioxane,123-91-1,0.0886,40,0.9114,9.3,C(=O)=O,C1COCCO1
co2,124-38-9,1-4-dioxane,123-91-1,0.1195,40,0.8805000000000001,11.0,C(=O)=O,C1COCCO1
co2,124-38-9,1-4-dioxane,123-91-1,0.1322,40,0.8678,13.0,C(=O)=O,C1COCCO1
co2,124-38-9,1-4-dioxane,123-91-1,0.25730000000000003,40,0.7426999999999999,18.6,C(=O)=O,C1COCCO1
co2,124-38-9,1-4-dioxane,123-91-1,0.3382,40,0.6617999999999999,23.4,C(=O)=O,C1COCCO1
co2,124-38-9,1-4-dioxane,123-91-1,0.39299999999999996,40,0.607,28.3,C(=O)=O,C1COCCO1
co2,124-38-9,1-4-dioxane,123-91-1,0.4826,40,0.5174000000000001,33.9,C(=O)=O,C1COCCO1
co2,124-38-9,1-4-dioxane,123-91-1,0.5395,40,0.4605,39.3,C(=O)=O,C1COCCO1
co2,124-38-9,1-4-dioxane,123-91-1,0.6056,40,0.3944,44.4,C(=O)=O,C1COCCO1
co2,124-38-9,1-4-dioxane,123-91-1,0.6668000000000001,40,0.33319999999999994,49.7,C(=O)=O,C1COCCO1
co2,124-38-9,1-4-dioxane,123-91-1,0.7304999999999999,40,0.2695000000000001,55.0,C(=O)=O,C1COCCO1
co2,124-38-9,1-4-dioxane,123-91-1,0.7631,40,0.2369,58.5,C(=O)=O,C1COCCO1
co2,124-38-9,1-4-dioxane,123-91-1,0.8123999999999999,40,0.1876000000000001,62.3,C(=O)=O,C1COCCO1
co2,124-38-9,1-4-dioxane,123-91-1,0.8384999999999999,40,0.1615000000000001,64.7,C(=O)=O,C1COCCO1
co2,124-38-9,1-4-dioxane,123-91-1,0.8729,40,0.1271,66.2,C(=O)=O,C1COCCO1
co2,124-38-9,1-4-dioxane,123-91-1,0.8911,40,0.1089,69.3,C(=O)=O,C1COCCO1
co2,124-38-9,1-4-dioxane,123-91-1,0.9117000000000001,40,0.08829999999999993,71.4,C(=O)=O,C1COCCO1
co2,124-38-9,2-2-(2-methoxyethoxy)ethoxyethanol,112-35-6,0.1,40,0.9,7.83,C(=O)=O,COCCOCCOCCO
co2,124-38-9,2-2-(2-methoxyethoxy)ethoxyethanol,112-35-6,0.162,40,0.838,14.6,C(=O)=O,COCCOCCOCCO
co2,124-38-9,2-2-(2-methoxyethoxy)ethoxyethanol,112-35-6,0.228,40,0.772,21.08,C(=O)=O,COCCOCCOCCO
co2,124-38-9,2-2-(2-methoxyethoxy)ethoxyethanol,112-35-6,0.278,40,0.722,27.82,C(=O)=O,COCCOCCOCCO
co2,124-38-9,2-2-(2-methoxyethoxy)ethoxyethanol,112-35-6,0.38799999999999996,40,0.6120000000000001,34.3,C(=O)=O,COCCOCCOCCO
co2,124-38-9,2-2-(2-methoxyethoxy)ethoxyethanol,112-35-6,0.48200000000000004,40,0.518,40.97,C(=O)=O,COCCOCCOCCO
co2,124-38-9,2-2-(2-methoxyethoxy)ethoxyethanol,112-35-6,0.588,40,0.41200000000000003,50.76,C(=O)=O,COCCOCCOCCO
co2,124-38-9,2-2-(2-methoxyethoxy)ethoxyethanol,112-35-6,0.662,40,0.33799999999999997,62.09,C(=O)=O,COCCOCCOCCO
co2,124-38-9,2-2-(2-methoxyethoxy)ethoxyethanol,112-35-6,0.7390000000000001,40,0.2609999999999999,78.77,C(=O)=O,COCCOCCOCCO
co2,124-38-9,2-2-(2-methoxyethoxy)ethoxyethanol,112-35-6,0.8170000000000001,40,0.18299999999999994,87.94,C(=O)=O,COCCOCCOCCO
co2,124-38-9,2-2-(2-methoxyethoxy)ethoxyethanol,112-35-6,0.051,60,0.949,4.43,C(=O)=O,COCCOCCOCCO
co2,124-38-9,2-2-(2-methoxyethoxy)ethoxyethanol,112-35-6,0.091,60,0.909,8.0,C(=O)=O,COCCOCCOCCO
co2,124-38-9,2-2-(2-methoxyethoxy)ethoxyethanol,112-35-6,0.128,60,0.872,11.55,C(=O)=O,COCCOCCOCCO
co2,124-38-9,2-2-(2-methoxyethoxy)ethoxyethanol,112-35-6,0.21899999999999997,60,0.781,21.52,C(=O)=O,COCCOCCOCCO
co2,124-38-9,2-2-(2-methoxyethoxy)ethoxyethanol,112-35-6,0.27399999999999997,60,0.726,26.82,C(=O)=O,COCCOCCOCCO
co2,124-38-9,2-2-(2-methoxyethoxy)ethoxyethanol,112-35-6,0.318,60,0.6819999999999999,32.02,C(=O)=O,COCCOCCOCCO
co2,124-38-9,2-2-(2-methoxyethoxy)ethoxyethanol,112-35-6,0.385,60,0.615,41.43,C(=O)=O,COCCOCCOCCO
co2,124-38-9,2-2-(2-methoxyethoxy)ethoxyethanol,112-35-6,0.441,60,0.5589999999999999,49.53,C(=O)=O,COCCOCCOCCO
co2,124-38-9,2-2-(2-methoxyethoxy)ethoxyethanol,112-35-6,0.507,60,0.493,57.34,C(=O)=O,COCCOCCOCCO
co2,124-38-9,2-2-(2-methoxyethoxy)ethoxyethanol,112-35-6,0.531,60,0.469,70.04,C(=O)=O,COCCOCCOCCO
co2,124-38-9,7-(2-methoxyethoxy)-2-5-9-12-tetraoxatridecane,14002-61-0,0.0621,30,0.9379,2.16734,C(=O)=O,C(OCC(OCCOC)COCCOC)COC
co2,124-38-9,7-(2-methoxyethoxy)-2-5-9-12-tetraoxatridecane,14002-61-0,0.12029999999999999,30,0.8797,4.07935,C(=O)=O,C(OCC(OCCOC)COCCOC)COC
co2,124-38-9,7-(2-methoxyethoxy)-2-5-9-12-tetraoxatridecane,14002-61-0,0.17550000000000002,30,0.8245,6.07139,C(=O)=O,C(OCC(OCCOC)COCCOC)COC
co2,124-38-9,7-(2-methoxyethoxy)-2-5-9-12-tetraoxatridecane,14002-61-0,0.0576,45,0.9424,2.58277,C(=O)=O,C(OCC(OCCOC)COCCOC)COC
co2,124-38-9,7-(2-methoxyethoxy)-2-5-9-12-tetraoxatridecane,14002-61-0,0.1125,45,0.8875,4.88083,C(=O)=O,C(OCC(OCCOC)COCCOC)COC
co2,124-38-9,7-(2-methoxyethoxy)-2-5-9-12-tetraoxatridecane,14002-61-0,0.165,45,0.835,7.27007,C(=O)=O,C(OCC(OCCOC)COCCOC)COC
co2,124-38-9,7-(2-methoxyethoxy)-2-5-9-12-tetraoxatridecane,14002-61-0,0.054000000000000006,60,0.946,2.96882,C(=O)=O,C(OCC(OCCOC)COCCOC)COC
co2,124-38-9,7-(2-methoxyethoxy)-2-5-9-12-tetraoxatridecane,14002-61-0,0.1057,60,0.8943,5.66204,C(=O)=O,C(OCC(OCCOC)COCCOC)COC
co2,124-38-9,7-(2-methoxyethoxy)-2-5-9-12-tetraoxatridecane,14002-61-0,0.1558,60,0.8442000000000001,8.44443,C(=O)=O,C(OCC(OCCOC)COCCOC)COC
co2,124-38-9,PEG-siloxane-1,27306-78-1,0.157,25,0.843,4.05,C(=O)=O,[Si](C)(C)(C)O[Si](C)(O[Si](C)(C)C)CCCOCCOCCOCCOC
co2,124-38-9,PEG-siloxane-1,27306-78-1,0.272,25,0.728,6.14,C(=O)=O,[Si](C)(C)(C)O[Si](C)(O[Si](C)(C)C)CCCOCCOCCOCCOC
co2,124-38-9,PEG-siloxane-1,27306-78-1,0.36,25,0.64,9.02,C(=O)=O,[Si](C)(C)(C)O[Si](C)(O[Si](C)(C)C)CCCOCCOCCOCCOC
co2,124-38-9,PEG-siloxane-1,27306-78-1,0.43,25,0.5700000000000001,12.03,C(=O)=O,[Si](C)(C)(C)O[Si](C)(O[Si](C)(C)C)CCCOCCOCCOCCOC
co2,124-38-9,PEG-siloxane-1,27306-78-1,0.484,25,0.516,14.0,C(=O)=O,[Si](C)(C)(C)O[Si](C)(O[Si](C)(C)C)CCCOCCOCCOCCOC
co2,124-38-9,PEG-siloxane-1,27306-78-1,0.509,25,0.491,15.03,C(=O)=O,[Si](C)(C)(C)O[Si](C)(O[Si](C)(C)C)CCCOCCOCCOCCOC
co2,124-38-9,PEG-siloxane-1,27306-78-1,0.586,25,0.41400000000000003,20.0,C(=O)=O,[Si](C)(C)(C)O[Si](C)(O[Si](C)(C)C)CCCOCCOCCOCCOC
co2,124-38-9,PEG-siloxane-1,27306-78-1,0.6409999999999999,25,0.3590000000000001,23.07,C(=O)=O,[Si](C)(C)(C)O[Si](C)(O[Si](C)(C)C)CCCOCCOCCOCCOC
co2,124-38-9,PEG-siloxane-1,27306-78-1,0.16,40,0.84,3.92,C(=O)=O,[Si](C)(C)(C)O[Si](C)(O[Si](C)(C)C)CCCOCCOCCOCCOC
co2,124-38-9,PEG-siloxane-1,27306-78-1,0.276,40,0.724,5.88,C(=O)=O,[Si](C)(C)(C)O[Si](C)(O[Si](C)(C)C)CCCOCCOCCOCCOC
co2,124-38-9,PEG-siloxane-1,27306-78-1,0.365,40,0.635,10.85,C(=O)=O,[Si](C)(C)(C)O[Si](C)(O[Si](C)(C)C)CCCOCCOCCOCCOC
co2,124-38-9,PEG-siloxane-1,27306-78-1,0.433,40,0.567,12.88,C(=O)=O,[Si](C)(C)(C)O[Si](C)(O[Si](C)(C)C)CCCOCCOCCOCCOC
co2,124-38-9,PEG-siloxane-1,27306-78-1,0.489,40,0.511,15.95,C(=O)=O,[Si](C)(C)(C)O[Si](C)(O[Si](C)(C)C)CCCOCCOCCOCCOC
co2,124-38-9,diethyl-succinate,123-25-1,0.0292,26,0.9708,1.784,C(=O)=O,CCOC(=O)CCC(=O)OCC
co2,124-38-9,diethyl-succinate,123-25-1,0.0424,26,0.9576,2.584,C(=O)=O,CCOC(=O)CCC(=O)OCC
co2,124-38-9,diethyl-succinate,123-25-1,0.0529,26,0.9471,3.227,C(=O)=O,CCOC(=O)CCC(=O)OCC
co2,124-38-9,diethyl-succinate,123-25-1,0.0796,26,0.9204,4.851,C(=O)=O,CCOC(=O)CCC(=O)OCC
co2,124-38-9,diethyl-succinate,123-25-1,0.0858,26,0.9142,5.229,C(=O)=O,CCOC(=O)CCC(=O)OCC
co2,124-38-9,diethyl-succinate,123-25-1,0.1045,26,0.8955,6.367,C(=O)=O,CCOC(=O)CCC(=O)OCC
co2,124-38-9,diethyl-succinate,123-25-1,0.11869999999999999,26,0.8813,7.233,C(=O)=O,CCOC(=O)CCC(=O)OCC
co2,124-38-9,diethyl-succinate,123-25-1,0.1567,26,0.8432999999999999,9.547,C(=O)=O,CCOC(=O)CCC(=O)OCC
co2,124-38-9,diethyl-succinate,123-25-1,0.218,26,0.782,14.085,C(=O)=O,CCOC(=O)CCC(=O)OCC
co2,124-38-9,diethyl-succinate,123-25-1,0.280985361,26,0.7190146390000001,17.121,C(=O)=O,CCOC(=O)CCC(=O)OCC
co2,124-38-9,diethyl-succinate,123-25-1,0.33967373500000003,26,0.6603262649999999,21.197,C(=O)=O,CCOC(=O)CCC(=O)OCC
co2,124-38-9,diethyl-succinate,123-25-1,0.37994813899999996,26,0.6200518610000001,23.151,C(=O)=O,CCOC(=O)CCC(=O)OCC
co2,124-38-9,diethyl-succinate,123-25-1,0.448598438,26,0.551401562,27.334,C(=O)=O,CCOC(=O)CCC(=O)OCC
co2,124-38-9,diethyl-succinate,123-25-1,0.490776603,26,0.509223397,29.904,C(=O)=O,CCOC(=O)CCC(=O)OCC
co2,124-38-9,diethyl-succinate,123-25-1,0.5382557609999999,26,0.46174423900000006,32.797,C(=O)=O,CCOC(=O)CCC(=O)OCC
co2,124-38-9,diethyl-succinate,123-25-1,0.587901267,26,0.412098733,35.822,C(=O)=O,CCOC(=O)CCC(=O)OCC
co2,124-38-9,diethyl-succinate,123-25-1,0.633804897,26,0.366195103,39.619,C(=O)=O,CCOC(=O)CCC(=O)OCC
co2,124-38-9,diethyl-succinate,123-25-1,0.679216175,26,0.320783825,42.986,C(=O)=O,CCOC(=O)CCC(=O)OCC
co2,124-38-9,diethyl-succinate,123-25-1,0.020099999999999996,40,0.9799,1.547,C(=O)=O,CCOC(=O)CCC(=O)OCC
co2,124-38-9,diethyl-succinate,123-25-1,0.0329,40,0.9671,2.544,C(=O)=O,CCOC(=O)CCC(=O)OCC
co2,124-38-9,diethyl-succinate,123-25-1,0.0587,40,0.9413,4.539,C(=O)=O,CCOC(=O)CCC(=O)OCC
co2,124-38-9,diethyl-succinate,123-25-1,0.06559999999999999,40,0.9344,5.074,C(=O)=O,CCOC(=O)CCC(=O)OCC
co2,124-38-9,diethyl-succinate,123-25-1,0.0863,40,0.9137,7.672,C(=O)=O,CCOC(=O)CCC(=O)OCC
co2,124-38-9,diethyl-succinate,123-25-1,0.1144,40,0.8855999999999999,8.851,C(=O)=O,CCOC(=O)CCC(=O)OCC
co2,124-38-9,diethyl-succinate,123-25-1,0.1609,40,0.8391,12.448,C(=O)=O,CCOC(=O)CCC(=O)OCC
co2,124-38-9,diethyl-succinate,123-25-1,0.2047,40,0.7953,15.831,C(=O)=O,CCOC(=O)CCC(=O)OCC
co2,124-38-9,diethyl-succinate,123-25-1,0.2311,40,0.7689,17.878,C(=O)=O,CCOC(=O)CCC(=O)OCC
co2,124-38-9,diethyl-succinate,123-25-1,0.2642,40,0.7358,20.433,C(=O)=O,CCOC(=O)CCC(=O)OCC
co2,124-38-9,diethyl-succinate,123-25-1,0.30579999999999996,40,0.6942,23.651,C(=O)=O,CCOC(=O)CCC(=O)OCC
co2,124-38-9,diethyl-succinate,123-25-1,0.3421,40,0.6578999999999999,27.457,C(=O)=O,CCOC(=O)CCC(=O)OCC
co2,124-38-9,diethyl-succinate,123-25-1,0.4175,40,0.5825,32.295,C(=O)=O,CCOC(=O)CCC(=O)OCC
co2,124-38-9,diethyl-succinate,123-25-1,0.4826,40,0.5174000000000001,37.326,C(=O)=O,CCOC(=O)CCC(=O)OCC
co2,124-38-9,diethyl-succinate,123-25-1,0.5353,40,0.4647,42.401,C(=O)=O,CCOC(=O)CCC(=O)OCC
co2,124-38-9,diethyl-succinate,123-25-1,0.6156,40,0.38439999999999996,47.611,C(=O)=O,CCOC(=O)CCC(=O)OCC
co2,124-38-9,diethyl-succinate,123-25-1,0.6918000000000001,40,0.3081999999999999,54.505,C(=O)=O,CCOC(=O)CCC(=O)OCC
co2,124-38-9,diethyl-succinate,123-25-1,0.7376999999999999,40,0.2623000000000001,58.058,C(=O)=O,CCOC(=O)CCC(=O)OCC
co2,124-38-9,octamethyl-cyclotetrasiloxane,556-67-2,0.024300000000000002,26,0.9757,0.891,C(=O)=O,C[Si]1(O[Si](O[Si](O[Si](O1)(C)C)(C)C)(C)C)C
co2,124-38-9,octamethyl-cyclotetrasiloxane,556-67-2,0.0383,26,0.9617,1.406,C(=O)=O,C[Si]1(O[Si](O[Si](O[Si](O1)(C)C)(C)C)(C)C)C
co2,124-38-9,octamethyl-cyclotetrasiloxane,556-67-2,0.0487,26,0.9513,1.887,C(=O)=O,C[Si]1(O[Si](O[Si](O[Si](O1)(C)C)(C)C)(C)C)C
co2,124-38-9,octamethyl-cyclotetrasiloxane,556-67-2,0.0613,26,0.9387,2.249,C(=O)=O,C[Si]1(O[Si](O[Si](O[Si](O1)(C)C)(C)C)(C)C)C
co2,124-38-9,octamethyl-cyclotetrasiloxane,556-67-2,0.0781,26,0.9218999999999999,2.865,C(=O)=O,C[Si]1(O[Si](O[Si](O[Si](O1)(C)C)(C)C)(C)C)C
co2,124-38-9,octamethyl-cyclotetrasiloxane,556-67-2,0.1149,26,0.8851,4.519,C(=O)=O,C[Si]1(O[Si](O[Si](O[Si](O1)(C)C)(C)C)(C)C)C
co2,124-38-9,octamethyl-cyclotetrasiloxane,556-67-2,0.16469999999999999,26,0.8353,6.043,C(=O)=O,C[Si]1(O[Si](O[Si](O[Si](O1)(C)C)(C)C)(C)C)C
co2,124-38-9,octamethyl-cyclotetrasiloxane,556-67-2,0.1953,26,0.8047,7.466,C(=O)=O,C[Si]1(O[Si](O[Si](O[Si](O1)(C)C)(C)C)(C)C)C
co2,124-38-9,octamethyl-cyclotetrasiloxane,556-67-2,0.2327,26,0.7673,8.538,C(=O)=O,C[Si]1(O[Si](O[Si](O[Si](O1)(C)C)(C)C)(C)C)C
co2,124-38-9,octamethyl-cyclotetrasiloxane,556-67-2,0.25329999999999997,26,0.7467,9.292,C(=O)=O,C[Si]1(O[Si](O[Si](O[Si](O1)(C)C)(C)C)(C)C)C
co2,124-38-9,octamethyl-cyclotetrasiloxane,556-67-2,0.29410000000000003,26,0.7059,11.192,C(=O)=O,C[Si]1(O[Si](O[Si](O[Si](O1)(C)C)(C)C)(C)C)C
co2,124-38-9,octamethyl-cyclotetrasiloxane,556-67-2,0.3716,26,0.6284000000000001,13.634,C(=O)=O,C[Si]1(O[Si](O[Si](O[Si](O1)(C)C)(C)C)(C)C)C
co2,124-38-9,octamethyl-cyclotetrasiloxane,556-67-2,0.4275,26,0.5725,16.085,C(=O)=O,C[Si]1(O[Si](O[Si](O[Si](O1)(C)C)(C)C)(C)C)C
co2,124-38-9,octamethyl-cyclotetrasiloxane,556-67-2,0.46380000000000005,26,0.5362,17.017,C(=O)=O,C[Si]1(O[Si](O[Si](O[Si](O1)(C)C)(C)C)(C)C)C
co2,124-38-9,octamethyl-cyclotetrasiloxane,556-67-2,0.5324,26,0.4676,19.535,C(=O)=O,C[Si]1(O[Si](O[Si](O[Si](O1)(C)C)(C)C)(C)C)C
co2,124-38-9,octamethyl-cyclotetrasiloxane,556-67-2,0.596,26,0.404,21.869,C(=O)=O,C[Si]1(O[Si](O[Si](O[Si](O1)(C)C)(C)C)(C)C)C
co2,124-38-9,octamethyl-cyclotetrasiloxane,556-67-2,0.6439,26,0.35609999999999997,24.423,C(=O)=O,C[Si]1(O[Si](O[Si](O[Si](O1)(C)C)(C)C)(C)C)C
co2,124-38-9,octamethyl-cyclotetrasiloxane,556-67-2,0.7288,26,0.2712,27.742,C(=O)=O,C[Si]1(O[Si](O[Si](O[Si](O1)(C)C)(C)C)(C)C)C
co2,124-38-9,octamethyl-cyclotetrasiloxane,556-67-2,0.0134,40,0.9866,0.5833,C(=O)=O,C[Si]1(O[Si](O[Si](O[Si](O1)(C)C)(C)C)(C)C)C
co2,124-38-9,octamethyl-cyclotetrasiloxane,556-67-2,0.0301,40,0.9699,1.514,C(=O)=O,C[Si]1(O[Si](O[Si](O[Si](O1)(C)C)(C)C)(C)C)C
co2,124-38-9,octamethyl-cyclotetrasiloxane,556-67-2,0.0407,40,0.9593,1.876,C(=O)=O,C[Si]1(O[Si](O[Si](O[Si](O1)(C)C)(C)C)(C)C)C
co2,124-38-9,octamethyl-cyclotetrasiloxane,556-67-2,0.0529,40,0.9471,2.614,C(=O)=O,C[Si]1(O[Si](O[Si](O[Si](O1)(C)C)(C)C)(C)C)C
co2,124-38-9,octamethyl-cyclotetrasiloxane,556-67-2,0.0677,40,0.9323,2.957,C(=O)=O,C[Si]1(O[Si](O[Si](O[Si](O1)(C)C)(C)C)(C)C)C
co2,124-38-9,octamethyl-cyclotetrasiloxane,556-67-2,0.0862,40,0.9138,3.766,C(=O)=O,C[Si]1(O[Si](O[Si](O[Si](O1)(C)C)(C)C)(C)C)C
co2,124-38-9,octamethyl-cyclotetrasiloxane,556-67-2,0.0946,40,0.9054,4.431,C(=O)=O,C[Si]1(O[Si](O[Si](O[Si](O1)(C)C)(C)C)(C)C)C
co2,124-38-9,octamethyl-cyclotetrasiloxane,556-67-2,0.1479,40,0.8521,6.462,C(=O)=O,C[Si]1(O[Si](O[Si](O[Si](O1)(C)C)(C)C)(C)C)C
co2,124-38-9,octamethyl-cyclotetrasiloxane,556-67-2,0.19149999999999998,40,0.8085,8.561,C(=O)=O,C[Si]1(O[Si](O[Si](O[Si](O1)(C)C)(C)C)(C)C)C
co2,124-38-9,octamethyl-cyclotetrasiloxane,556-67-2,0.26239999999999997,40,0.7376,11.457,C(=O)=O,C[Si]1(O[Si](O[Si](O[Si](O1)(C)C)(C)C)(C)C)C
co2,124-38-9,octamethyl-cyclotetrasiloxane,556-67-2,0.3283,40,0.6717,14.935,C(=O)=O,C[Si]1(O[Si](O[Si](O[Si](O1)(C)C)(C)C)(C)C)C
co2,124-38-9,octamethyl-cyclotetrasiloxane,556-67-2,0.3787,40,0.6213,16.538,C(=O)=O,C[Si]1(O[Si](O[Si](O[Si](O1)(C)C)(C)C)(C)C)C
co2,124-38-9,octamethyl-cyclotetrasiloxane,556-67-2,0.4157,40,0.5843,18.152,C(=O)=O,C[Si]1(O[Si](O[Si](O[Si](O1)(C)C)(C)C)(C)C)C
co2,124-38-9,octamethyl-cyclotetrasiloxane,556-67-2,0.4877,40,0.5123,21.297,C(=O)=O,C[Si]1(O[Si](O[Si](O[Si](O1)(C)C)(C)C)(C)C)C
co2,124-38-9,octamethyl-cyclotetrasiloxane,556-67-2,0.5617,40,0.4383,24.527,C(=O)=O,C[Si]1(O[Si](O[Si](O[Si](O1)(C)C)(C)C)(C)C)C
co2,124-38-9,octamethyl-cyclotetrasiloxane,556-67-2,0.6339,40,0.3661,27.678,C(=O)=O,C[Si]1(O[Si](O[Si](O[Si](O1)(C)C)(C)C)(C)C)C
co2,124-38-9,octamethyl-cyclotetrasiloxane,556-67-2,0.7084999999999999,40,0.2915000000000001,31.335,C(=O)=O,C[Si]1(O[Si](O[Si](O[Si](O1)(C)C)(C)C)(C)C)C
co2,124-38-9,octamethyl-cyclotetrasiloxane,556-67-2,0.7746,40,0.22540000000000004,34.822,C(=O)=O,C[Si]1(O[Si](O[Si](O[Si](O1)(C)C)(C)C)(C)C)C
co2,124-38-9,NMP,872-50-4,0.106,0,0.894,4.1,C(=O)=O,CN1CCCC1=O
co2,124-38-9,NMP,872-50-4,0.141,0,0.859,5.4,C(=O)=O,CN1CCCC1=O
co2,124-38-9,NMP,872-50-4,0.161,0,0.839,6.3,C(=O)=O,CN1CCCC1=O
co2,124-38-9,NMP,872-50-4,0.174,0,0.8260000000000001,6.6,C(=O)=O,CN1CCCC1=O
co2,124-38-9,NMP,872-50-4,0.21100000000000002,0,0.7889999999999999,8.7,C(=O)=O,CN1CCCC1=O
co2,124-38-9,NMP,872-50-4,0.223,0,0.777,8.5,C(=O)=O,CN1CCCC1=O
co2,124-38-9,NMP,872-50-4,0.321,0,0.679,12.3,C(=O)=O,CN1CCCC1=O
co2,124-38-9,NMP,872-50-4,0.45299999999999996,0,0.547,17.6,C(=O)=O,CN1CCCC1=O
co2,124-38-9,NMP,872-50-4,0.0816,15,0.9184,4.6,C(=O)=O,CN1CCCC1=O
co2,124-38-9,NMP,872-50-4,0.12,15,0.88,6.2,C(=O)=O,CN1CCCC1=O
co2,124-38-9,NMP,872-50-4,0.131,15,0.869,7.1,C(=O)=O,CN1CCCC1=O
co2,124-38-9,NMP,872-50-4,0.138,15,0.862,8.0,C(=O)=O,CN1CCCC1=O
co2,124-38-9,NMP,872-50-4,0.163,15,0.837,9.3,C(=O)=O,CN1CCCC1=O
co2,124-38-9,NMP,872-50-4,0.17600000000000002,15,0.824,9.8,C(=O)=O,CN1CCCC1=O
co2,124-38-9,NMP,872-50-4,0.257,15,0.743,13.6,C(=O)=O,CN1CCCC1=O
co2,124-38-9,NMP,872-50-4,0.364,15,0.636,19.8,C(=O)=O,CN1CCCC1=O
co2,124-38-9,NMP,872-50-4,0.376,15,0.624,20.4,C(=O)=O,CN1CCCC1=O
co2,124-38-9,NMP,872-50-4,0.46,15,0.54,25.7,C(=O)=O,CN1CCCC1=O
co2,124-38-9,NMP,872-50-4,0.0864161,25,0.9135839,6.2,C(=O)=O,CN1CCCC1=O
co2,124-38-9,NMP,872-50-4,0.1680611,25,0.8319389,11.9,C(=O)=O,CN1CCCC1=O
co2,124-38-9,NMP,872-50-4,0.23464659999999998,25,0.7653534,16.6,C(=O)=O,CN1CCCC1=O
co2,124-38-9,NMP,872-50-4,0.3311641,25,0.6688358999999999,24.6,C(=O)=O,CN1CCCC1=O
co2,124-38-9,NMP,872-50-4,0.4634839,25,0.5365161,35.2,C(=O)=O,CN1CCCC1=O
co2,124-38-9,NMP,872-50-4,0.0707,40,0.9293,6.58,C(=O)=O,CN1CCCC1=O
co2,124-38-9,NMP,872-50-4,0.08199999999999999,40,0.918,7.18,C(=O)=O,CN1CCCC1=O
co2,124-38-9,NMP,872-50-4,0.08960000000000001,40,0.9104,8.89,C(=O)=O,CN1CCCC1=O
co2,124-38-9,NMP,872-50-4,0.1039,40,0.8961,9.55,C(=O)=O,CN1CCCC1=O
co2,124-38-9,NMP,872-50-4,0.10949999999999999,40,0.8905000000000001,10.12,C(=O)=O,CN1CCCC1=O
co2,124-38-9,NMP,872-50-4,0.11810000000000001,40,0.8819,11.21,C(=O)=O,CN1CCCC1=O
co2,124-38-9,NMP,872-50-4,0.14679999999999999,40,0.8532,13.62,C(=O)=O,CN1CCCC1=O
co2,124-38-9,NMP,872-50-4,0.17120000000000002,40,0.8288,15.97,C(=O)=O,CN1CCCC1=O
co2,124-38-9,NMP,872-50-4,0.1918,40,0.8082,17.96,C(=O)=O,CN1CCCC1=O
co2,124-38-9,NMP,872-50-4,0.2159,40,0.7841,20.31,C(=O)=O,CN1CCCC1=O
co2,124-38-9,methanol,67-56-1,0.0771,0,0.9229,6.67,C(=O)=O,CO
co2,124-38-9,methanol,67-56-1,0.1689,0,0.8311,13.637,C(=O)=O,CO
co2,124-38-9,methanol,67-56-1,0.2784,0,0.7216,20.187,C(=O)=O,CO
co2,124-38-9,methanol,67-56-1,0.40549999999999997,0,0.5945,27.543,C(=O)=O,CO
co2,124-38-9,methanol,67-56-1,0.5203,0,0.4797,30.287,C(=O)=O,CO
co2,124-38-9,methanol,67-56-1,0.9204000000000001,0,0.0795999999999999,33.45,C(=O)=O,CO
co2,124-38-9,methanol,67-56-1,0.0291,25,0.9709,5.08,C(=O)=O,CO
co2,124-38-9,methanol,67-56-1,0.0662,25,0.9338,10.91,C(=O)=O,CO
co2,124-38-9,methanol,67-56-1,0.11869999999999999,25,0.8813,16.66,C(=O)=O,CO
co2,124-38-9,methanol,67-56-1,0.1604,25,0.8396,22.29,C(=O)=O,CO
co2,124-38-9,methanol,67-56-1,0.20879999999999999,25,0.7912,28.38,C(=O)=O,CO
co2,124-38-9,methanol,67-56-1,0.2721,25,0.7279,34.31,C(=O)=O,CO
co2,124-38-9,methanol,67-56-1,0.3494,25,0.6506000000000001,40.19,C(=O)=O,CO
co2,124-38-9,methanol,67-56-1,0.4496,25,0.5504,46.81,C(=O)=O,CO
co2,124-38-9,methanol,67-56-1,0.5623,25,0.4377,52.38,C(=O)=O,CO
co2,124-38-9,methanol,67-56-1,0.6579999999999999,25,0.3420000000000001,55.47,C(=O)=O,CO
co2,124-38-9,methanol,67-56-1,0.7494,25,0.25060000000000004,57.34,C(=O)=O,CO
co2,124-38-9,methanol,67-56-1,0.0526,40,0.9474,10.3,C(=O)=O,CO
co2,124-38-9,methanol,67-56-1,0.1045,40,0.8955,19.2,C(=O)=O,CO
co2,124-38-9,methanol,67-56-1,0.17800000000000002,40,0.822,31.8,C(=O)=O,CO
co2,124-38-9,methanol,67-56-1,0.2593,40,0.7407,45.0,C(=O)=O,CO
co2,124-38-9,methanol,67-56-1,0.31010000000000004,40,0.6899,51.8,C(=O)=O,CO
co2,124-38-9,methanol,67-56-1,0.38,40,0.62,61.5,C(=O)=O,CO
co2,124-38-9,sulfolane,126-33-0,0.0345,25,0.9655,2.77,C(=O)=O,C1CCS(=O)(=O)C1
co2,124-38-9,sulfolane,126-33-0,0.16699999999999998,25,0.833,14.0,C(=O)=O,C1CCS(=O)(=O)C1
co2,124-38-9,sulfolane,126-33-0,0.31,25,0.69,28.3,C(=O)=O,C1CCS(=O)(=O)C1
co2,124-38-9,sulfolane,126-33-0,0.419,25,0.581,42.6,C(=O)=O,C1CCS(=O)(=O)C1
co2,124-38-9,sulfolane,126-33-0,0.524,25,0.476,58.7,C(=O)=O,C1CCS(=O)(=O)C1
co2,124-38-9,sulfolane,126-33-0,0.5589999999999999,25,0.44100000000000006,63.9,C(=O)=O,C1CCS(=O)(=O)C1
co2,124-38-9,sulfolane,126-33-0,0.0113339,40,0.9886661,1.218,C(=O)=O,C1CCS(=O)(=O)C1
co2,124-38-9,sulfolane,126-33-0,0.0186208,40,0.9813792,2.008,C(=O)=O,C1CCS(=O)(=O)C1
co2,124-38-9,sulfolane,126-33-0,0.0299688,40,0.9700312,3.249,C(=O)=O,C1CCS(=O)(=O)C1
co2,124-38-9,sulfolane,126-33-0,0.0490891,40,0.9509109,5.26,C(=O)=O,C1CCS(=O)(=O)C1
co2,124-38-9,sulfolane,126-33-0,0.0647664,40,0.9352336,7.329,C(=O)=O,C1CCS(=O)(=O)C1
co2,124-38-9,sulfolane,126-33-0,0.075571,40,0.924429,8.551,C(=O)=O,C1CCS(=O)(=O)C1
co2,124-38-9,sulfolane,126-33-0,0.10337,40,0.89663,11.696,C(=O)=O,C1CCS(=O)(=O)C1
co2,124-38-9,sulfolane,126-33-0,0.12227460000000001,40,0.8777254,13.835,C(=O)=O,C1CCS(=O)(=O)C1
co2,124-38-9,sulfolane,126-33-0,0.1426478,40,0.8573522,16.441,C(=O)=O,C1CCS(=O)(=O)C1
co2,124-38-9,sulfolane,126-33-0,0.0201842,50,0.9798158,4.08,C(=O)=O,C1CCS(=O)(=O)C1
co2,124-38-9,sulfolane,126-33-0,0.0394774,50,0.9605226,7.11,C(=O)=O,C1CCS(=O)(=O)C1
co2,124-38-9,sulfolane,126-33-0,0.053747100000000006,50,0.9462529,8.69,C(=O)=O,C1CCS(=O)(=O)C1
co2,124-38-9,sulfolane,126-33-0,0.08784090000000001,50,0.9121591,13.85,C(=O)=O,C1CCS(=O)(=O)C1
co2,124-38-9,sulfolane,126-33-0,0.1092108,50,0.8907892,17.28,C(=O)=O,C1CCS(=O)(=O)C1
co2,124-38-9,sulfolane,126-33-0,0.1296022,50,0.8703978,20.72,C(=O)=O,C1CCS(=O)(=O)C1
co2,124-38-9,propylene-carbonate,108-32-7,0.127,0,0.873,6.485,C(=O)=O,CC1COC(=O)O1
co2,124-38-9,propylene-carbonate,108-32-7,0.165,0,0.835,8.613,C(=O)=O,CC1COC(=O)O1
co2,124-38-9,propylene-carbonate,108-32-7,0.175,0,0.825,9.322,C(=O)=O,CC1COC(=O)O1
co2,124-38-9,propylene-carbonate,108-32-7,0.228,0,0.772,11.652,C(=O)=O,CC1COC(=O)O1
co2,124-38-9,propylene-carbonate,108-32-7,0.284,0,0.716,14.996,C(=O)=O,CC1COC(=O)O1
co2,124-38-9,propylene-carbonate,108-32-7,0.355,0,0.645,17.732,C(=O)=O,CC1COC(=O)O1
co2,124-38-9,propylene-carbonate,108-32-7,0.37200000000000005,0,0.6279999999999999,19.353,C(=O)=O,CC1COC(=O)O1
co2,124-38-9,propylene-carbonate,108-32-7,0.42700000000000005,0,0.573,21.988,C(=O)=O,CC1COC(=O)O1
co2,124-38-9,propylene-carbonate,108-32-7,0.485,0,0.515,25.331,C(=O)=O,CC1COC(=O)O1
co2,124-38-9,propylene-carbonate,108-32-7,0.601,0,0.399,29.992,C(=O)=O,CC1COC(=O)O1
co2,124-38-9,propylene-carbonate,108-32-7,0.6409999999999999,0,0.3590000000000001,30.904,C(=O)=O,CC1COC(=O)O1
co2,124-38-9,propylene-carbonate,108-32-7,0.643,0,0.357,30.803,C(=O)=O,CC1COC(=O)O1
co2,124-38-9,propylene-carbonate,108-32-7,0.0392,25,0.9608,2.735,C(=O)=O,CC1COC(=O)O1
co2,124-38-9,propylene-carbonate,108-32-7,0.0692,25,0.9308,5.186,C(=O)=O,CC1COC(=O)O1
co2,124-38-9,propylene-carbonate,108-32-7,0.09029999999999999,25,0.9097,6.901,C(=O)=O,CC1COC(=O)O1
co2,124-38-9,propylene-carbonate,108-32-7,0.1131,25,0.8869,8.823,C(=O)=O,CC1COC(=O)O1
co2,124-38-9,propylene-carbonate,108-32-7,0.1284,25,0.8716,10.194,C(=O)=O,CC1COC(=O)O1
co2,124-38-9,propylene-carbonate,108-32-7,0.1476,25,0.8524,11.885,C(=O)=O,CC1COC(=O)O1
co2,124-38-9,propylene-carbonate,108-32-7,0.0128,40,0.9872,1.15,C(=O)=O,CC1COC(=O)O1
co2,124-38-9,propylene-carbonate,108-32-7,0.0233,40,0.9767,2.16,C(=O)=O,CC1COC(=O)O1
co2,124-38-9,propylene-carbonate,108-32-7,0.0344,40,0.9656,3.22,C(=O)=O,CC1COC(=O)O1
co2,124-38-9,propylene-carbonate,108-32-7,0.0451,40,0.9549,4.28,C(=O)=O,CC1COC(=O)O1
co2,124-38-9,propylene-carbonate,108-32-7,0.0542,40,0.9458,5.19,C(=O)=O,CC1COC(=O)O1
co2,124-38-9,propylene-carbonate,108-32-7,0.0641,40,0.9359,6.16,C(=O)=O,CC1COC(=O)O1
co2,124-38-9,propylene-carbonate,108-32-7,0.0745,40,0.9255,7.22,C(=O)=O,CC1COC(=O)O1
co2,124-38-9,propylene-carbonate,108-32-7,0.08460000000000001,40,0.9154,8.26,C(=O)=O,CC1COC(=O)O1
co2,124-38-9,propylene-carbonate,108-32-7,0.09369999999999999,40,0.9063,9.2,C(=O)=O,CC1COC(=O)O1
co2,124-38-9,propylene-carbonate,108-32-7,0.1023,40,0.8976999999999999,10.21,C(=O)=O,CC1COC(=O)O1
